shuffle_type,row_groups_per_file,num_trainers,batches_per_round,num_rounds,trial,duration,row_throughput,batch_throughput,avg_map_stage_duration,std_map_stage_duration,max_map_stage_duration,min_map_stage_duration,avg_reduce_stage_duration,std_reduce_stage_duration,max_reduce_stage_duration,min_reduce_stage_duration,avg_map_task_duration,std_map_task_duration,max_map_task_duration,min_map_task_duration,avg_reduce_task_duration,std_reduce_task_duration,max_reduce_task_duration,min_reduce_task_duration,avg_time_to_consume,std_time_to_consume,max_time_to_consume,min_time_to_consume,cache_map_stage_duration,avg_cache_map_task_duration,std_cache_map_task_duration,max_cache_map_task_duration,min_cache_map_task_duration,avg_read_duration,std_read_duration,max_read_duration,min_read_duration
from_memory,2,1,800,1,0,171.95844800199848,1163071.674138834,4.652286696555336,11.282588581001619,0.0,11.282588581001619,11.282588581001619,138.072445496,0.0,138.072445496,138.072445496,3.305736945760436,0.6182964868329582,4.353337510008714,1.9208268060028786,138.07174405599653,0.0,138.07174405599653,138.07174405599653,171.95582390899654,0.0,171.95582390899654,171.95582390899654,25.47405812299985,21.2072264069214,2.954874973554775,25.463461377003114,16.178276308011846,7.28030809044023,0.44455886160069064,7.973920941003598,6.371007114998065
from_memory,2,1,800,1,1,171.9704642919969,1162990.4054943435,4.651961621977374,10.779216444003396,0.0,10.779216444003396,10.779216444003396,138.21282187000907,0.0,138.21282187000907,138.21282187000907,3.4639772193197857,0.7467670154648605,4.72949996200623,2.0679826169944135,138.21203604500624,0.0,138.21203604500624,138.21203604500624,171.9677499709942,0.0,171.9677499709942,171.9677499709942,25.26085943300859,21.176431604640094,2.8584633528116514,25.25653224400594,16.449556746010785,7.16047505300201,0.5517836395690019,7.932471402004012,5.82480916599161
from_memory,2,1,800,1,2,174.8317706329981,1143956.8407725752,4.575827363090301,11.729221487010363,0.0,11.729221487010363,11.729221487010363,141.2425399289932,0.0,141.2425399289932,141.2425399289932,3.257704164440511,0.5867476706420757,4.554136958002346,2.3583666469930904,141.24185906499042,0.0,141.24185906499042,141.24185906499042,174.82888365600957,0.0,174.82888365600957,174.82888365600957,24.320974490998196,21.035554844159634,2.9913218941016457,24.646213506013737,15.596720239002025,7.099983829437988,0.4467051305935424,7.752274673999636,5.9720471300097415
from_memory,2,1,400,2,0,102.03020361400559,1960203.8701856143,7.8408154807424575,13.342483540000103,0.009584535997419152,13.352068075997522,13.332899004002684,70.6537867454972,0.15836128549563,70.81214803099283,70.49542546000157,1.9760474798610084,0.5282042098677332,2.725014679002925,0.7119712979911128,70.65326641250431,0.15840011950785993,70.81166653201217,70.49486629299645,101.86991648700496,0.15867907900246792,102.02859556600743,101.71123740800249,26.812348164006835,21.368582140603102,3.299764556021725,26.79922914400231,14.290620162006235,7.282086752522154,0.7095556114300207,8.111181565996958,5.673869980004383
from_memory,2,1,400,2,1,100.38233991200104,1992382.3271635983,7.969529308654393,12.19136519699532,0.0009074340050574392,12.192272631000378,12.190457762990263,69.12677271749999,0.9066277335077757,70.03340045100776,68.22014498399221,1.762060265740729,0.332579096399,2.48037890100386,0.9744187059986871,69.1264484725034,0.9066492884958279,70.03309776099923,68.21979918400757,98.86047990599764,1.520086798002012,100.38056670399965,97.34039310799562,25.93077558799996,21.05081969227933,3.2459931655762997,25.92886439699214,14.738696179003455,7.180831570038572,0.6225810643625107,7.989390280999942,5.734608657992794
from_memory,2,1,400,2,2,98.5232141160086,2029978.434975792,8.119913739903168,12.431475500001397,0.015753089006466325,12.447228589007864,12.415722410994931,67.71076965549582,0.046186679501261096,67.75695633499708,67.66458297599456,1.816782671440451,0.36962076711170855,2.52988661499694,1.0660904519900214,67.71017906600173,0.04631152499496238,67.75649059099669,67.66386754100677,98.48025434699957,0.041105106996838,98.52135945399641,98.43914924000273,26.029991867995705,21.291492953039125,3.31339350570189,26.02631760800432,14.717097318993183,7.138559127479093,0.5150129327043129,7.801607118992251,5.861377962006372
from_memory,2,1,200,4,0,66.2113820109953,3020628.6883845334,12.082514753538133,12.434397986002296,0.046259641413527376,12.485439625001163,12.387798800002201,35.82029423699714,0.6167499083603168,36.87526044900005,35.34895183199842,1.1662208850604656,0.29534103072597157,1.7458271439973032,0.5306707050040131,35.81949009250093,0.6162853017771691,36.87365553500422,35.34858550799254,65.38673654974264,0.4806317212530203,66.20991488698928,65.04331239499152,26.20097173699469,21.451112451801308,3.3935950935349557,26.194397097991896,14.922973905995605,7.140167879441288,0.5484558864994703,7.814167044998612,5.679453874996398
from_memory,2,1,200,4,1,68.27852410900232,2929178.7221515323,11.716714888606129,12.016005875499104,0.4633311018086835,12.302507037995383,11.213800786004867,37.571446996000304,0.4988651075184777,38.429950956997345,37.204283162995125,1.0342689661402256,0.2834391479510488,1.5828372659889283,0.6179905210010475,37.57082497124429,0.49934009223952774,38.43011890100024,37.20294231499429,68.18288059400584,0.07279075310900052,68.27685884400853,68.09295534700505,26.25001131099998,21.80903539972147,3.1825373668142403,26.246334144001594,16.19073857901094,7.257043701357325,0.5210799522650944,8.001906816993142,6.490295121009694
from_memory,2,1,200,4,2,68.70173148800677,2911134.780277174,11.644539121108696,12.974199341999338,0.34006045972059146,13.241125739004929,12.394979998993222,37.81276428874844,0.4965294438274199,38.33018611499574,37.27449037900078,1.0203118548092607,0.15842131289957798,1.4216503829957219,0.6648577369924169,37.80889256649971,0.49352374729668425,38.317822851997335,37.27373610500945,68.1756524750017,0.34527747515557883,68.70032795099542,67.85738380299881,25.683162804998574,21.600462616721053,3.099455643829695,25.670995452004718,15.112061933003133,7.139417304039816,0.4453571105620414,7.832589051002287,6.257663023992791
from_memory,2,1,100,8,0,52.131823807998444,3836428.2196725016,15.345712878690007,12.795226543621538,0.3567141458412832,13.23230258699914,12.412117309999303,20.903316821248154,0.1841774028969495,21.116447166001308,20.673521438002354,0.6642548895251094,0.189075160573459,1.1357534540002234,0.20079272601287812,20.902365173875296,0.18417635963245108,21.115673166990746,20.672535844001686,51.645847547248195,0.4555855952273465,52.13070058300218,51.089947701999336,27.637510967004346,22.18024120440008,3.7308691205766267,27.62974075700913,16.08769255799416,7.2039165153191425,0.5256469643016839,7.9372483610059135,6.158636102001765
from_memory,2,1,100,8,1,52.47488301098929,3811347.2298378637,15.245388919351456,12.59154521450364,0.24836254790508955,12.778566456006956,12.122196957992855,20.96229676512303,0.6249095424690003,22.10212570700969,20.443748323988984,0.6563822246792551,0.11513510570687435,0.942980099003762,0.3196077879983932,20.96106632212286,0.6251207123861834,22.101464355990174,20.442728099995293,51.825796461873324,0.3479564526885802,52.4738230840012,51.49662191599782,27.849109092989238,22.87606463980046,3.753959048269045,27.829396668996196,16.19115793298988,8.028901594039635,0.7561951269685404,9.156094596008188,6.588169408001704
from_memory,2,1,100,8,2,52.20339782501105,3831168.2444581883,15.324672977832753,13.781641758752812,0.18435770239999205,13.915599354004371,13.457904194001458,21.062917739249315,0.4982682015976929,21.86385204399994,20.60423938999884,0.7792942336142005,0.2141124673656119,1.2109671279904433,0.29355591199418996,21.061503656123023,0.4980631335839245,21.8623204750038,20.6036435640126,51.71669023663162,0.3164065297031936,52.20221039500029,51.40322714400827,27.444505061997916,22.24157538620115,3.8377905151962404,27.443938483993406,15.013185773001169,7.231605080279405,0.5302893911131875,8.011353042005794,6.02360863800277
from_memory,2,1,40,20,0,45.636459545989055,4382460.9093186725,17.529843637274688,12.013743794651237,0.3433583283016378,12.527747275991715,11.485674285999266,13.836530841000059,1.92598611867655,16.466653604002204,11.73686546900717,0.24815405319206182,0.06928435479653655,0.44777285199961625,0.09060793499520514,13.83644197905087,1.9265828901741013,16.46574267699907,11.737562311987858,43.241568510941576,1.7023711648663513,45.63526296398777,41.296831420986564,26.76701129900175,22.00966145171784,3.705168385836366,26.79500250899582,15.598690136990626,7.260045614157571,0.45875597202224466,7.963926957003423,6.102990963991033
from_memory,2,1,40,20,1,45.50111931200081,4395496.265236941,17.581985060947762,11.623696243800804,0.4353825131005055,12.286476850000327,11.064216213009786,14.030269759150542,1.8810895038610531,16.561430490008206,12.02988248600741,0.2168693188659381,0.07174297474817558,0.43464183100149967,0.06814032199326903,14.028746752297593,1.8811442410123538,16.55912727699615,12.031320061010774,43.2793720817499,1.6882982909808149,45.499505993007915,41.07111456799612,26.96480389399221,21.9463098239596,3.576852876635628,26.945682186997146,15.682346575995325,7.273683698041713,0.4441470885015732,8.011207677001948,5.769897937003407
from_memory,2,1,40,20,2,46.12938429998758,4335631.2475225,17.342524990090002,13.032280850351526,0.42503389216115867,13.649293188995216,12.452490299008787,14.154011403048935,1.8565273578579093,16.707047417003196,12.02933230099734,0.2341450234937365,0.07932576904804957,0.4844993039878318,0.06436923700675834,14.153093384602107,1.8564960273984386,16.704971605009632,12.033044762996724,43.81257747899508,1.7769885897023285,46.126507101987954,41.46306298299169,25.975468298987835,21.607469383561984,3.535309303153787,25.944486387001234,14.828917354010628,7.109212043201551,0.5670273759582961,7.794570976009709,5.973611986002652
from_memory,2,1,800,1,0,172.41208126200945,1160011.5173835529,4.640046069534211,10.84636395999405,0.0,10.84636395999405,10.84636395999405,138.5425481909915,0.0,138.5425481909915,138.5425481909915,3.4673585707577876,0.5416963215774208,4.88822842699301,2.604969659994822,138.54199986699678,0.0,138.54199986699678,138.54199986699678,172.40916383500735,0.0,172.40916383500735,172.40916383500735,24.78274046399747,21.270051401442032,2.796857301725179,24.7781506080064,16.487708707005368,7.178081034562201,0.498534513621695,7.813990492999437,5.84239985300519
from_memory,2,1,800,1,1,178.2976345289935,1121719.8732239904,4.486879492895962,12.626589428007719,0.0,12.626589428007719,12.626589428007719,144.675273011002,0.0,144.675273011002,144.675273011002,3.2899412695603676,0.7498798208523244,4.402406617999077,1.8208495019935071,144.67456916700758,0.0,144.67456916700758,144.67456916700758,178.29468416298914,0.0,178.29468416298914,178.29468416298914,25.01161164100631,21.071806361880153,2.9839304526232824,25.01032881300489,14.69107938700472,7.257474958919338,0.5336032071232123,7.8030973479908425,5.697935616000905
from_memory,2,1,800,1,2,171.17203566399985,1168415.1515998072,4.673660606399229,11.492526665999321,0.0,11.492526665999321,11.492526665999321,137.88535156100988,0.0,137.88535156100988,137.88535156100988,2.941126552959904,0.5115178261349478,3.924548480004887,1.9841094860021258,137.88489278499037,0.0,137.88489278499037,137.88489278499037,171.1692100920045,0.0,171.1692100920045,171.1692100920045,24.532706409998355,20.732556602559054,3.089268859292125,24.765982963013812,15.367964285993367,7.04845687159861,0.5395373055711644,7.699220095993951,5.656270039995434
from_memory,2,1,400,2,0,101.23208159400383,1975658.2779963934,7.9026331119855735,11.325352489497163,0.056312989501748234,11.381665478998912,11.269039499995415,69.25005863949627,1.3599660785039305,70.6100247180002,67.89009256099234,1.916854984818783,0.46608389018450985,2.780948711995734,1.1611292529996717,69.24948296949879,1.3599150985028245,70.60939806800161,67.88956787099596,99.89291835050244,1.337533980498847,101.23045233100129,98.5553843700036,25.68895539701043,21.483281529318774,3.2397240158883105,25.747228417007136,15.852344361002906,7.095859818879981,0.5527288348874031,7.952718994987663,6.008722724000108
from_memory,2,1,400,2,1,98.64904948198819,2027389.0225016,8.1095560900064,12.776820830498764,0.0007963544994709082,12.777617184998235,12.776024475999293,68.0219872680027,0.01623870400362648,68.03822597200633,68.00574856399908,1.8346540378194185,0.3454870053152778,2.4002878840110498,0.8599085570021998,68.02135853899381,0.01655551300063962,68.03791405199445,68.00480302599317,98.63513159649301,0.012196573494293261,98.6473281699873,98.62293502299872,25.117775796999922,21.216556861199788,3.2879852715112063,25.112638970997068,14.26839147201099,7.267337922961451,0.7539003674665152,8.179080305999378,5.7205312680016505
from_memory,2,1,400,2,2,103.32941433800443,1935557.2784509654,7.7422291138038615,11.676606374006951,0.04989677500270773,11.726503149009659,11.626709599004244,71.47499573950336,1.1329389725069632,72.60793471201032,70.3420567669964,2.1498107225389687,0.37524421414107817,2.72145233899937,1.1925600739923539,71.47426311649906,1.1330433484981768,72.60730646499724,70.34121976800088,102.27142482550698,1.056206071501947,103.32763089700893,101.21521875400504,25.841321084008086,21.254292795920627,3.1800982595113547,25.82514148799237,15.681040610987111,7.036656122482381,0.36079846035405355,7.676179461996071,6.45331683200493
from_memory,2,1,200,4,0,66.42519079700287,3010905.9168712855,12.043623667485141,12.763905733001593,0.03724549393720918,12.820497280001291,12.716196676003165,36.38781070799814,0.10520730465864558,36.492154784005834,36.248109370004386,1.1457429955384577,0.21949938661960133,1.6271976949938107,0.4802617240056861,36.3873625644992,0.10498449318877029,36.491286047996255,36.24765170700266,66.32007120900016,0.0886995286787298,66.42396991599526,66.21653445900301,26.419842386996606,21.74673804020218,3.4649779272006116,26.406765452993568,14.840087176009547,7.282214401718811,0.7343832086676724,8.109842635007226,5.753160245003528
from_memory,2,1,200,4,1,68.17741615900013,2933522.7303652796,11.734090921461119,13.006891891003761,0.2958651902447475,13.329360099000041,12.644143130004522,37.48095919550178,0.20903812276465056,37.759409660007805,37.18585685099242,1.0600787102397589,0.2285218472609529,1.5609727779956302,0.3890683860081481,37.48014439200415,0.20892044269839474,37.75819937400229,37.18490952400316,67.71143824200408,0.41862944118341167,68.17588645000069,67.16006936600024,26.179840669006808,21.765677266399145,3.210698870733941,26.192745057996945,15.061066267997376,7.382562273320509,0.6764090703699085,8.28783967399795,5.953557863991591
from_memory,2,1,200,4,2,68.27994526400289,2929117.755245767,11.716471020983068,12.193334675001097,0.022157661721177616,12.22957082799985,12.174308942994685,37.60638088474661,0.7530022859849066,38.476654471989605,36.80605898900831,1.1240448099498463,0.35456214716564743,1.8771935330005363,0.46198849500797223,37.60570617150006,0.7530160365251254,38.476109463998,36.805216300999746,67.4525995005024,0.7000946097286733,68.27827971000806,66.67709106999973,27.330022323993035,21.674150847719282,3.4178351742907305,27.32304828100314,15.485388136992697,7.19861911911983,0.5735708651774309,7.953643938002642,6.087912711998797
from_memory,2,1,100,8,0,50.4337038849917,3965602.0596083356,15.862408238433343,13.62618100387408,0.10640982604024865,13.759679212991614,13.380898382005398,19.46962173774773,0.5174282719385791,20.153908312000567,18.919618447995163,0.7939288370846771,0.2228782260749066,1.2602856020093895,0.24115761400025804,19.46816715224668,0.5170827490925378,20.152253388994723,18.91878422499576,50.01787344499462,0.3173234907743754,50.43226389499614,49.62701670799288,27.785860242001945,21.910299511199117,3.4715167001036304,27.809727157000452,15.085587291992852,7.298668077240581,0.5757687208784805,8.000602118001552,5.968700255994918
from_memory,2,1,100,8,1,51.00573989399709,3921127.3165657613,15.684509266263046,12.85730343350042,0.24417845748860692,13.1151176479907,12.444750363007188,19.964845278371286,0.44419790137960674,20.783080581997638,19.578005962990574,0.6060733732247899,0.1569148791175509,1.0044591379992198,0.3109237310127355,19.96353393937534,0.44377263055276595,20.78132191199984,19.5771316140017,50.445039062373326,0.413733257893191,51.00401256199984,49.56094210699666,26.932259310007794,21.98729755647888,3.6663513900589093,26.92043943698809,15.647683424991556,7.136015537439962,0.5843742503348889,7.940500776996487,5.808352919004392
from_memory,2,1,100,8,2,52.35547804099042,3820039.611584006,15.280158446336024,13.300302683754126,0.18292426432901748,13.452057382004568,12.851931751007214,20.659993418876184,0.5332491459160362,21.58467743800429,20.247820902994135,0.7209099673348828,0.17953298608009538,1.2186355710000498,0.1943616490025306,20.658898386502187,0.53322965022291,21.5823371699953,20.247980793006718,51.42973722324314,0.41324099962793004,52.35351261399046,51.05565686499176,25.973297745993477,21.89511953088222,3.595988775786832,25.96651180900517,15.42753978401015,7.1773068618809335,0.6305813827459821,7.983123695012182,5.516072450991487
from_memory,2,1,40,20,0,46.039663609990384,4344080.393250331,17.376321573001327,11.885980437849502,0.4561171492788325,12.481434849003563,11.21101003199874,14.120229656599259,1.8829510690936133,16.747081313995295,12.194063424001797,0.262783973223879,0.07314366492785664,0.5146083689905936,0.08200883099925704,14.118752108897024,1.883445144638865,16.746391605993267,12.191622201004066,43.84251311144762,1.6111323468554337,46.03850059000251,42.00647676999506,27.012039561988786,21.288273444118094,3.3040276308594017,27.00913020799635,15.577144189999672,7.366206725718802,0.6495747935327922,8.136718982990715,5.830980965998606
from_memory,2,1,40,20,1,46.40615877399978,4309772.781970807,17.239091127883228,11.414602672550245,0.5093526130442521,12.177518597003655,10.762058585998602,14.143641201748688,1.745620945848788,16.55522113099869,12.200391699996544,0.2439232862458448,0.08246395717433828,0.5106351299909875,0.05672012899594847,14.142789834200084,1.746513041955576,16.55439152799954,12.199571948003722,44.263828078152436,1.531161696199274,46.40460058499593,42.33555518199864,27.76721277400793,22.05133287407982,3.5627112168744652,27.748637790005887,16.199416558010853,7.94454692899948,0.8306349722121882,8.8955709580041,6.231717475006008
from_memory,2,1,40,20,2,46.06471455800056,4341717.992155968,17.366871968623872,13.044022218850296,0.430372398688657,13.650054683996132,12.414025980004226,14.246489116198791,1.7418512961202008,16.787697533000028,12.084671181000886,0.24960988943415577,0.08935676179126054,0.55282666500716,0.060322549994452856,14.245094798850186,1.7425532079352024,16.786761436000234,12.081202995992498,43.77017502389572,1.573571671401587,46.06179054299719,41.81692998300423,27.12108535999141,21.89706955296162,3.7528483008911286,27.265051209993544,14.674314607007545,7.27959844732075,0.7145269176047716,8.13873388900538,5.677688404000946
from_memory,2,1,20,40,0,46.65350695299276,4286923.171746048,17.14769268698419,10.067227794149948,0.5948812270702238,11.319628793004085,8.999946245996398,11.353902406825364,3.5499939026403355,14.127150259009795,4.15017762700154,0.09123762980289757,0.036301203092726074,0.26301182799215894,0.0321683679940179,11.35103232464935,3.549084051143362,14.126449859992135,4.149912327993661,43.29085361951875,1.6492677628470522,46.65229241400084,42.20444917799614,24.95515790701029,20.92412254748051,2.9238298906414664,25.150102860003244,15.679096070001833,7.191874643081101,0.5771478449783517,7.95080685299763,5.719153904996347
from_memory,2,1,20,40,1,46.72307559099863,4280540.128623954,17.122160514495814,11.397706547574126,0.7162847718996455,12.720406868000282,8.690113609001855,11.224602359524942,3.486535354120954,14.3535505119944,4.041085792996455,0.09090452010623994,0.03654011550110995,0.2536318950005807,0.028628425003262237,11.222837412751323,3.486004661344873,14.351939371001208,4.040503715994419,43.40465100230067,1.6144273597534977,46.71784789599769,42.36801402599667,25.110452547989553,21.044567187398208,3.153360764151557,25.075478022990865,14.765470721991733,7.172964293760015,0.6824888326698126,8.226880932998029,5.707592129998375
from_memory,2,1,20,40,2,46.55705935000151,4295803.96168199,17.183215846727958,10.922150865400544,0.8370729426001977,12.27921315500862,7.905841600004351,11.24764753747586,3.4348292624209247,13.767050302994903,4.253840215009404,0.08577391875977627,0.03375796283326753,0.3435415779968025,0.03748584999993909,11.247444224749415,3.435033421705673,13.769974310998805,4.253523176012095,43.19394504397424,1.6220609658746545,46.551850685005775,42.05941600899678,25.624990780008375,20.754598023920554,2.9664874126981924,25.56803626701003,14.91908847799641,7.060213631599327,0.5058735894803706,7.756308279000223,5.842981067995424
from_memory,2,1,8,100,0,45.84129557599954,4362878.437159859,17.451513748639435,9.871023907069612,0.48325397768012734,11.235258100001374,8.465134489000775,4.7296658592188034,0.5599912901390993,5.586130677998881,2.162633004001691,0.02739840924399905,0.014264444382293445,0.1117077109956881,0.008279183995909989,4.7278703827201385,0.5594937324343013,5.588576463997015,2.1631385210057488,44.337697236934616,0.38043299339186754,45.83677788299974,43.86726081900997,23.940698011007044,20.51754018932057,2.723842374130865,23.917587051997543,16.105594128996017,7.179422775919083,0.543951961382918,7.898024993002764,5.89898758000345
from_memory,2,1,8,100,1,45.516982296991046,4393964.404209223,17.575857616836892,9.890661103750316,0.4971889431710183,11.349355500991805,8.11905129000661,4.644645440230233,0.5731940170651944,5.33267626799352,2.149044870995567,0.02369021335137659,0.008987389316945553,0.077597544004675,0.007644885990885086,4.642734498389327,0.5725512760082386,5.33018368500052,2.1497708009992493,43.87224531834727,0.4431717222144999,45.50447378199897,43.29034872999182,24.03395073900174,20.654348872280096,2.6484595917614975,23.93066608099616,15.805498245012132,7.197715422158945,0.5155007860610142,7.970103725005174,5.93378828499408
from_memory,2,1,8,100,2,45.298553004002315,4415152.068595418,17.660608274381673,9.896603018570312,0.5667351107594623,11.882259999998496,8.841874434001511,4.687252176459733,0.5790677865363683,5.446021983996616,2.1704396279965295,0.02418948251149268,0.009697848124885639,0.10293966499739327,0.007762355002341792,4.685521803718875,0.5787118353880929,5.443392465007491,2.1709983799955808,43.63610068982016,0.449186026679218,45.28630622199853,42.97050089099503,24.37724453599367,20.476658100438655,2.927990040363791,24.29976795100083,14.84070053799951,7.033609777200618,0.6160454318742106,7.8358765820012195,6.031642426009057
from_memory,2,2,400,1,0,101.63634675100911,1967799.9691386414,7.871199876554566,12.816081979995943,0.0,12.816081979995943,12.816081979995943,70.79266785499931,0.0,70.79266785499931,70.79266785499931,3.1804719417198792,0.8798553155048965,4.5721302989986725,1.7774871349975,70.61787236049713,0.17430019950552378,70.79217256000265,70.44357216099161,101.47444716899918,0.16025153399823466,101.63469870299741,101.31419563500094,25.20265253999969,20.961787743441526,2.9965139342892932,25.180315967008937,14.399664283002494,7.239684333119658,0.5806421044436743,7.975470703997416,5.8876069450052455
from_memory,2,2,400,1,1,99.24613696199958,2015191.7860196223,8.06076714407849,12.023915213998407,0.0,12.023915213998407,12.023915213998407,68.73824577099003,0.0,68.73824577099003,68.73824577099003,3.0263998708780857,0.6649537674638918,4.241550648002885,1.9614296959916828,68.39670030050183,0.34108563850895735,68.73778593901079,68.05561466199288,98.9386316030068,0.30576330000621965,99.24439490301302,98.63286830300058,24.889197212003637,20.98097526188183,3.0510139747685554,24.883242960000644,14.951733649999369,7.187749008719693,0.5606348615783475,7.917163457997958,5.765451403000043
from_memory,2,2,400,1,2,99.95871813500708,2000825.9782790965,8.003303913116387,11.698680378001882,0.0,11.698680378001882,11.698680378001882,69.89453135999793,0.0,69.89453135999793,69.89453135999793,2.823392467998783,0.5464762410763322,3.946285682002781,2.0533273960027145,68.78992411800573,1.1028351680070045,69.89275928601273,67.68708894999872,98.8958685460093,1.0610273530037375,99.95689589901303,97.83484119300556,24.264183253006195,20.836800704799245,3.059188635721651,24.227351909008576,14.8696908790007,7.058566160480259,0.5004131716669716,7.6764748889982,5.921630755998194
from_memory,2,2,200,2,0,65.60726320400136,3048442.9655008395,12.193771862003357,12.48843386950466,0.005412763501226436,12.493846633005887,12.483021106003434,36.20650092250435,0.004240134498104453,36.21074105700245,36.20226078800624,1.9404443688009634,0.43407971145295865,2.529053049001959,0.836017219000496,35.671891175501514,0.6336813255261262,36.20866699999897,34.653502278000815,65.0473373862551,0.6598736224558375,65.60603810301109,63.96478423400549,25.95179746900976,21.41322140911885,3.240284318349804,25.937126849996275,14.803557676001219,7.268221387920203,0.5797561714863264,7.898207448000903,5.770042335992912
from_memory,2,2,200,2,1,64.8822308020026,3082508.0692790695,12.330032277116278,12.916798286998528,0.012182284001028165,12.928980570999556,12.9046160029975,35.2043318970027,0.035587944999861065,35.239919842002564,35.16874395200284,2.0272708749608137,0.5089020598962029,2.626754629993229,0.8756050299998606,35.16126552774949,0.04903222254887649,35.238574845992844,35.116128141002264,64.82270836550015,0.03765469935932699,64.88077722099843,64.77535923100368,26.261336166993715,21.12686731899972,3.2537420442765224,26.255626099009532,14.366384606008069,7.190090572561021,0.531709053857307,7.9943429910053965,5.688137541001197
from_memory,2,2,200,2,2,66.47819554599118,3008505.2453271733,12.034020981308693,11.97142316299869,0.023511205006798264,11.994934368005488,11.947911957991892,37.29994309049653,0.11534033749921946,37.415283427995746,37.18460275299731,2.0415357226808557,0.3826927298018124,2.8413998180039926,0.8785425839887466,36.63551103275313,0.6838360453134249,37.41457667000941,35.76749402600399,65.78226271124731,0.6396453843707918,66.4767984450009,64.9156223119935,25.193563214008464,21.256829840761494,3.128635534310487,25.407193774997722,15.058994879000238,7.010355697921478,0.47897241353294373,7.6416406799980905,6.102381207005237
from_memory,2,2,100,4,0,50.56652698900143,3955185.6120848753,15.820742448339502,12.956590135501756,0.012071054860407757,12.97668316900672,12.94455370499054,20.88847317775071,0.3176482538867516,21.369355607006582,20.476161138998577,1.1060350987409766,0.24908496753973614,1.6909055950090988,0.6126492979965406,20.462168270747497,0.3783524792384751,21.355643764996785,20.07876538299024,50.10839853712059,0.2780706764001309,50.5654605019954,49.745084809997934,26.58953919900523,21.811538350200863,3.540453217097312,26.539432296995074,14.83644986100262,7.169831441481365,0.7546080681171362,8.05786682901089,5.723815111996373
from_memory,2,2,100,4,1,52.604151026011095,3801981.3284526975,15.20792531381079,12.338187397250294,0.12407228083518716,12.45534059399506,12.137344921997283,21.349914288741275,0.5283928181596844,22.261806623995653,20.977659743992263,1.1379471462484798,0.37221335782570136,2.011902055994142,0.4611199810024118,21.165101722624968,0.4244134693936035,22.256054383993614,20.856960896999226,52.00661551000485,0.26708624855879254,52.60307027499948,51.660271276006824,28.108473112006322,22.401741564559053,3.290368948783151,28.136607571999775,16.649333807989024,7.8156960759218785,0.7118041727923041,8.764582158997655,6.336014350003097
from_memory,2,2,100,4,2,51.63997913899948,3872968.2570486604,15.491873028194641,11.943758313995204,0.6066184237303842,12.36038151300454,10.899211806987296,21.14872626624856,0.1337743824065001,21.380316095994203,21.066517347993795,1.0314499979790708,0.29538104220669126,1.8028252839867491,0.5010663169960026,21.071132503251647,0.14844952606967965,21.374482305996935,20.902314909006236,51.187157794993254,0.6265087003868667,51.63880999200046,50.00481160498748,26.541535947995726,21.88860254452098,3.282314853161364,26.527601478999713,16.53808200599451,7.360182247801568,0.48495556456743716,8.015490486010094,6.365619092000998
from_memory,2,2,50,8,0,45.48583843499364,4396972.923470043,17.58789169388017,11.674632470749202,0.1969881822818522,11.784947046005982,11.156547657999909,15.000684737375195,0.4337103352411991,15.92052925900498,14.445607318994007,0.6720490532243275,0.2007131477144485,1.188070357995457,0.25109590200008824,14.761536870312739,0.42368893323770096,15.918355840010918,14.225811762997182,45.09136462375045,0.2661812023112389,45.4847793480003,44.45805087800545,28.045103701995686,21.811513224280787,3.7102757742468078,28.075571873006993,16.597823367992532,7.326406315480708,0.7238503127726165,8.152677627003868,5.748427878002985
from_memory,2,2,50,8,1,45.55724607000593,4390080.991565388,17.56032396626155,13.342778292751973,0.5091784998090103,14.57778970200161,12.854261810993194,15.500382584625186,0.7502383432470461,16.414165975002106,14.109934770007385,0.6210456240801432,0.15276087482956635,0.9605159980128519,0.21312878699973226,14.657419116063465,0.4103913859632713,15.218963495994103,13.866691640010686,44.615610715065486,0.7128938056089723,45.556183867010986,43.5384471330035,26.08148265798809,21.72431488216156,3.4748819089699827,26.206945512007223,14.793731943005696,7.151248088599532,0.6072779865062791,8.04208846000256,5.799640401994111
from_memory,2,2,50,8,2,46.124597893998725,4336081.161284704,17.344324645138816,12.12812437274988,0.28297398892390124,12.351485751001746,11.627311787990038,15.906428322376087,0.537938012817966,16.882726789001026,15.161814954000874,0.6901813650746772,0.12675481397070784,1.043068293001852,0.3537954810017254,15.50256995343716,0.5572939367373724,16.873134490000666,14.786351454997202,45.68998725488018,0.28798384542723704,46.123150244005956,44.998054037001566,27.812653157001478,21.899945594680613,3.7739889341966246,27.810696764994645,16.146420418997877,7.1037869059992955,0.6484528404675364,8.044909582007676,5.866131773000234
from_memory,2,2,20,20,0,46.75857591199747,4277290.231772934,17.109160927091736,11.072341768598562,0.44248267700146277,11.673591986997053,10.474868359990069,11.40405350690271,3.594087768624285,13.651323803002015,4.067532328001107,0.21522322232017177,0.07099012872085377,0.41184860200155526,0.08924765000119805,11.246030429849634,3.5539988516262992,13.648927182002808,3.906566017001751,43.43777216001799,1.6042009679184042,46.75728779299243,42.434839770998224,26.541124688999844,21.65308117020002,3.6967263277265525,26.53473312499409,15.930175282992423,7.319314071398112,0.6007235250427686,8.025028179996298,5.824310910000349
from_memory,2,2,20,20,1,47.14547754598607,4242188.443311841,16.968753773247364,12.68100745870106,0.3895770941129308,13.323644516989589,12.12376609200146,11.412602888097172,3.467232886066855,13.800737429992296,4.374127848990611,0.22326794526007143,0.08121373153749985,0.4488785059947986,0.07777063100365922,11.223463936974804,3.4166396269502464,13.799196002000826,4.225951700995211,43.78152196496849,1.6400843487344916,47.142049659989425,42.63454745199124,26.670489487005398,21.62874179440085,3.2258474192481645,26.651647311999113,14.868249452993041,7.33534900611965,0.6773218087840586,8.005744007998146,6.081605404004222
from_memory,2,2,20,20,2,46.87352240498876,4266801.164887791,17.067204659551162,11.590951073500765,0.4759669014009552,12.285302244999912,10.915029784999206,11.526589630050148,3.5895339114672136,13.787294636000297,4.268279119001818,0.20830250053404598,0.07870224167305473,0.49040077500103507,0.07274815399432555,11.297910967975621,3.525434480755969,13.785329710008227,4.1095705309999175,43.545256092769705,1.6070298933633045,46.86998355099058,42.48532159799652,27.17795169299643,21.250031482400374,3.479856920719854,27.157172428997,15.197112110006856,7.044896974960575,0.6359984746830905,8.077876923998701,5.552754224991077
from_memory,2,2,10,40,0,45.313136244003545,4413731.129159411,17.654924516637646,10.121959766374857,0.7207301637653768,11.560734366008546,8.047625256993342,5.7980304995500775,1.1241128717192983,6.902102710999316,2.971563047991367,0.08196606485276425,0.03262491149595649,0.23450468899682164,0.03443017500103451,5.647053167074591,1.1188015735735126,6.903604320992599,2.9441820429929066,42.967210435047306,1.0619425314384845,45.31114731699927,42.244630701999995,24.78674519699416,20.761009955317714,2.8327032072156175,24.777209045991185,15.664563330996316,7.229565396277467,0.6208678925585128,7.892861307991552,5.737060009007109
from_memory,2,2,10,40,1,45.362310390002676,4408946.508246583,17.63578603298633,10.576993482199759,0.6180986980831435,11.967461207008455,9.553667314001359,5.769372484775886,1.1801044848872217,7.030974203007645,3.0657940750097623,0.08503822599197156,0.03108144526222249,0.22589994000736624,0.02532649000931997,5.632030060376019,1.1780707049885304,6.982794474999537,2.966216519009322,42.84446525882777,1.1268350799860187,45.355844175006496,42.06718325499969,26.398452360008378,21.358494839359775,3.3386448887116478,26.34030440200877,15.420748075994197,7.284700546041131,0.607304554376733,8.03031306900084,6.166073262997088
from_memory,2,2,10,40,2,45.285524331004126,4416422.310541134,17.665689242164536,10.159898998650169,0.5899035207543228,11.485085856998921,9.177748329006135,5.814963310927124,1.170246962294365,7.0797956050082576,3.0951621220010566,0.08893366496513773,0.03458672628141611,0.24256815199623816,0.027253578999079764,5.612621648812455,1.155810116342808,7.07915500299714,2.939067905987031,42.76844652052296,1.0812405900476236,45.27883645100519,41.99624235200463,24.130273339003907,20.545334889959193,2.4020345756148895,24.094379372996627,15.587879533006344,7.059410351958359,0.44885078139819234,7.921926353999879,6.312669455001014
from_memory,2,2,4,100,0,44.4320861879969,4501251.621492149,18.0050064859686,9.470354840659711,0.6849087982328119,11.375238801003434,7.872218232994783,2.256465231520415,0.21789496282030832,2.548987993999617,1.3304336730070645,0.023958982054528316,0.014096361543516562,0.13241381700208876,0.007673818996408954,2.1679065797904333,0.22539557249550074,2.541169323012582,1.2076773129956564,43.626518067000944,0.21750599734371556,44.42036488199665,43.18254417400749,23.551778419001494,20.576820048960506,2.6038972526157984,23.51253340599942,15.940042310001445,7.257050685077556,0.49305023617827204,7.839518497989047,5.7576764919940615
from_memory,2,2,4,100,1,44.23059282099712,4521757.164987762,18.08702865995105,9.705082092719822,0.5918423719981003,11.495325362004223,8.317271873995196,2.2647777150610637,0.22831409170869127,2.7108192529994994,1.220074194992776,0.021813165249617305,0.009704565054373842,0.0975414740096312,0.007607894993270747,2.173882991935461,0.22661924207213335,2.6791425730043557,1.1920884789869888,43.43159213754058,0.22936386985016546,44.21531473600771,42.966120034994674,24.093486817000667,20.50859403376002,2.6620626701268444,24.019975817995146,15.633759714008193,7.181654472720111,0.6492558437247647,8.004616606005584,5.798764267994557
from_memory,2,2,4,100,2,45.35962609699345,4409207.420985697,17.636829683942786,11.804306221160806,0.7010098592940945,13.614524889009772,7.508918387000449,2.2948438422213076,0.23254118757712272,2.758976161989267,1.176406462007435,0.019634450705145717,0.008176088851071517,0.08909809599572327,0.007430605008266866,2.188975816509119,0.231422851324417,2.627542786009144,1.0882752280012937,44.48951091392308,0.2131982888364034,45.34476675999758,44.144083795996266,23.27322845699382,20.302508460721,2.1463097173471475,23.18240201000299,14.501744990004227,7.170815043000621,0.7385819323034515,7.932880460997694,5.617875051990268
from_memory,2,4,200,1,0,65.65067165500659,3046427.3244757853,12.185709297903141,12.528133882005932,0.0,12.528133882005932,12.528133882005932,36.39554217099794,0.0,36.39554217099794,36.39554217099794,3.13072496719833,0.5995306057464495,3.974943623004947,1.8332160039863084,35.512597836255736,0.7520364697755471,36.39183950101142,34.749884285003645,64.89698073000181,0.6517310880080471,65.64943196100648,64.23578432800423,24.476166616994306,21.05630898091942,3.0418385581357588,24.61499555199407,14.660371300997213,7.30207196496136,0.5785581056294676,7.984947682009079,5.899264075997053
from_memory,2,4,200,1,1,65.40891729899158,3057687.0594842182,12.230748237936874,12.023043270004564,0.0,12.023043270004564,12.023043270004564,36.33943309201277,0.0,36.33943309201277,36.33943309201277,2.935301436839509,0.860532732373444,4.056496609002352,1.5884808949922444,35.11469527650479,0.7121427726857704,36.33863978499721,34.62293849600246,64.46109374649677,0.5527105101245685,65.40765895499499,64.07478950299264,25.531367222007248,21.006118302280083,3.0621697831998,25.519588230003137,15.093728688996634,7.285641372519312,0.6996022049933887,8.071292268999969,5.756426295993151
from_memory,2,4,200,1,2,65.442271893,3056128.618624454,12.224514474497814,11.112165140002617,0.0,11.112165140002617,11.112165140002617,36.265185942000244,0.0,36.265185942000244,36.265185942000244,3.282528359600692,0.7019291843946518,4.705199279007502,2.1784188900055597,35.09415915250065,0.6777054768097956,36.26430576799612,34.61668860800273,64.54207251674961,0.5220424630994844,65.44070939900121,64.1481478469941,24.90942306400393,21.200205993399724,2.8342329653665037,24.89398804299708,16.09174511299352,7.150209718238911,0.4251559813744415,7.743576059001498,6.090068851990509
from_memory,2,4,100,2,0,49.26031500499812,4060063.358906806,16.240253435627224,11.803118811003515,0.016002955002477393,11.819121766005992,11.787115856001037,19.99596564049716,0.17741020150424447,20.173375842001406,19.818555438992917,1.9680972592392936,0.32405468907095636,2.5689393139909953,1.4066273180069402,19.23866195449955,0.44990320800041317,20.169352669996442,18.87040117100696,48.81163142150581,0.23334125038119594,49.25923225800216,48.57515782600967,26.091375938005513,21.709336390519166,3.3516705408981706,26.06889574699744,15.785150638010236,7.170140798479552,0.49530287354951735,7.856169485996361,6.057288860989502
from_memory,2,4,100,2,1,48.998645970001235,4081745.4450159157,16.32698178006366,12.204354799498105,0.025502129501546733,12.229856928999652,12.178852669996559,20.325848757500353,0.03201048049231758,20.35785923799267,20.293838277008035,1.8354365100414725,0.31781640770202607,2.4259617810021155,1.085160251997877,19.374181635746936,0.5864904710755926,20.35199432099762,18.851775482995436,48.39421621350084,0.36017813096402446,48.99754950600618,48.012698901002295,26.26094902199111,21.381659502401018,3.3898516635477827,26.25939146800374,15.195365405001212,7.098242152118473,0.6316605685645154,7.830838920999668,5.704454453007202
from_memory,2,4,100,2,2,49.02260235999711,4079750.7755973767,16.31900310238951,12.423837391499546,0.008755520495469682,12.432592911995016,12.415081871004077,19.918199135492614,0.13292091950279428,20.05112005499541,19.78527821598982,2.359192684661248,0.6520685779012564,3.380808846995933,0.959908055010601,19.283278614122537,0.4457539383164132,20.04842685199401,18.895644474992878,48.608726696249505,0.28276508200119044,49.021247222000966,48.200227584005916,25.264578280010028,21.348086386840443,2.9993420010404255,25.253073383006267,15.10580404700886,7.022536061839201,0.3537169980688538,7.649076280998997,6.553337958001066
from_memory,2,4,50,4,0,45.30575521700666,4414450.196052022,17.65780078420809,11.9770294762493,0.3623747291398205,12.225962599011837,11.351505235987133,15.438279399255407,0.21771586262666756,15.737676140008261,15.122582254000008,1.0287691717295093,0.19219781032242897,1.4426622659957502,0.5628428750060266,15.159151650314016,0.27392610395860545,15.70112792600412,14.536323559994344,44.73564062412515,0.6564193701654056,45.304589938998106,43.3549020789942,26.266277272996376,21.684447396959875,3.270380876718825,26.328025146998698,15.990859340992756,7.228273845238728,0.5386837138283733,7.996361140001682,6.280845433997456
from_memory,2,4,50,4,1,46.59160793699266,4292618.539168394,17.170474156673578,13.041265993004345,0.0236394420627399,13.078924590008683,13.015672551002353,16.61742188000062,0.36100956454800226,17.201132514004712,16.218611780001083,1.2094322118609853,0.2620049373076279,1.772202024993021,0.448646815988468,15.836598753123326,0.47137925649142326,16.74068839100073,15.170466691997717,46.07789640518149,0.3167340226431956,46.59038402099395,45.257586013001855,27.259899680007948,22.533249236841222,3.448530790799931,27.240194525002153,15.57551567700284,8.037986631640234,0.6392682306241382,8.763095431000693,6.828556549997302
from_memory,2,4,50,4,2,46.39395847299602,4310906.130512912,17.243624522051647,13.359340802999213,0.1155794533368469,13.48195073500392,13.22073043299315,16.430620828254177,0.2642752819255522,16.84241788799409,16.162588796010823,1.0555631964905479,0.2914317325150916,1.9394754790118895,0.5068619329977082,15.094523638374085,0.4313989010593039,15.635097327001859,14.168355606001569,45.430279608499404,0.6216525073438468,46.39239986600296,44.02870319799695,26.68171519700263,21.823959707919858,3.296060856361721,26.67306221999752,15.30087810200348,7.589359945877223,0.7454438746715554,8.312490550000803,6.081839263992151
from_memory,2,4,25,8,0,48.1207071920071,4156214.8952212445,16.62485958088498,12.242761701372729,0.21775999950936495,12.419947710994165,11.709964261986897,17.011797315002696,1.2210390638918645,18.77386240400665,15.885765751998406,0.64415195612979,0.13974413846853223,0.9008660899999086,0.17285871200147085,14.68438119931352,1.2804866920914233,16.51027472500573,11.967294980000588,45.83988079678193,1.0195202253765385,48.11952302600548,43.701726241997676,27.280993727006717,22.195740040921372,3.5840763242564235,27.27195585699519,16.105457095007296,7.227383770201705,0.47537967478936166,8.058711374003906,6.482739956001751
from_memory,2,4,25,8,1,47.545394065993605,4206506.306844307,16.82602522737723,13.066923903499628,1.307778236875639,16.486874993002857,12.122112138007651,15.755998679500408,1.1094298624498,17.09100319899153,13.988534253003309,0.6216593875245598,0.16256629081710983,1.0351269249949837,0.18329400599759538,13.87518925521863,0.7926731287424083,15.180315898993285,12.055447088991059,45.410323791032624,0.988680225047425,47.543387762998464,43.728400752996095,27.597050145006506,22.05274013088085,3.8286590881429685,27.589231758000096,16.022082317998866,7.285744403959834,0.5882960231478965,8.195173365005758,5.634631266002543
from_memory,2,4,25,8,2,47.07197609900322,4248812.4904583115,16.995249961833245,13.419586811000045,0.43029738898863173,14.42305299200234,12.7466706539999,16.653134245623733,0.4264235293268496,17.29055602500739,15.903283425999689,0.6120865052047156,0.13915262130308803,0.9653444099967601,0.2808893689943943,16.151352506969488,0.6462718442824825,17.28025218998664,14.646823069997481,46.10422065787816,0.44296958313408935,47.06970303200069,45.02251920000708,26.98568117999821,21.955836209401603,3.627579916683828,26.968087098997785,14.581405583012383,7.1359533291618575,0.5232095756584636,7.762607502998435,5.741300454013981
from_memory,2,4,10,20,0,45.56921003799653,4388928.397776392,17.55571359110557,12.328480871347711,0.48032900938530165,13.001860418007709,11.610439017007593,5.954085339300946,1.1855076909857671,6.891042756004026,3.2437296340067405,0.2005331895297568,0.07749604848771763,0.45168435700179543,0.06297308900684584,5.629539481662323,1.166193576231229,6.841093440001714,2.9546437740063993,43.18159028897462,1.0839023069902276,45.56600128399441,42.46648986899527,26.2224064309994,21.676212044038692,3.1901865431741774,26.20031482599734,14.802664275994175,7.186163826517877,0.4622263405418091,7.878661384995212,5.868886434996966
from_memory,2,4,10,20,1,45.67672178699286,4378597.941697144,17.514391766788574,11.906993125897861,0.6312214160212107,12.80297673100722,11.074671948998002,5.9996608114495755,1.1079255422352037,6.952079037000658,3.4276600720040733,0.18847530588056544,0.08432092749785514,0.5145785399945453,0.056618396993144415,5.668362815725414,1.0973749163593158,6.943355878000148,3.184761406999314,43.25983369311871,1.1051693875624826,45.67216564199771,42.435410522986786,27.94350521900924,21.550530905640915,3.542462588985292,27.91012856901216,15.005566419000388,7.106932501238188,0.5665197789951895,8.168228956012172,5.956230362993665
from_memory,2,4,10,20,2,45.770389577999595,4369637.266450836,17.478549065803346,12.447601698851212,0.54279254979442,13.238850598005229,11.644742663003854,5.9902041903515055,1.166236934060154,6.922464539005887,3.163728854007786,0.21750330529001075,0.0808613521597964,0.4995297709974693,0.06929914699867368,5.647968533362837,1.1496863010782934,6.800671837001573,3.063074884004891,43.30602520998691,1.1139351114766443,45.765859816994634,42.48704129199905,25.679936375003308,21.31501940896036,3.058119123908018,25.65549459500471,14.705928480005241,7.133411071560113,0.5747492028767769,7.895303490993683,5.7460778880049475
from_memory,2,4,5,40,0,44.27775136799028,4516941.213608829,18.067764854435318,9.806616634448437,0.7541863983642684,11.37474056299834,8.541363490003278,3.011569970499113,0.2425986083225858,3.3922464700008277,2.333676499998546,0.07874356108013307,0.032812665729200774,0.22096283400605898,0.02193016099045053,2.754985816238059,0.2372522617081363,3.3483337070065318,2.0910877419955796,43.24403440769047,0.2663601991295606,44.2708193629951,42.74816201000067,25.610968361012056,20.789536700000752,3.040181077983177,25.592066733996035,15.757755305996398,7.203443320800434,0.4767056212044284,7.858960495010251,6.257336837006733
from_memory,2,4,5,40,1,44.09471159199893,4535691.305809343,18.142765223237372,10.069672420125425,0.7829639659859847,11.709800265001832,8.682140896999044,3.0735663724521145,0.23703932604250025,3.7273225569952046,2.5045077679969836,0.06917958554878714,0.020954056247542555,0.16601075799553655,0.022207340007298626,2.788283335662436,0.24147879335942302,3.5895596190093784,1.9434222000127193,43.19209198610179,0.26246549247823264,44.08635465100815,42.70115773200814,25.373672582005383,20.78699228424055,3.357122016572103,25.331794568992336,15.165746152008069,7.170803536040475,0.5521178405822347,8.026194253005087,5.905855821009027
from_memory,2,4,5,40,2,44.0233767680038,4543040.872443025,18.172163489772103,9.282729770449441,0.8283178465078256,11.054142367996974,7.994121594994795,3.0517201996008225,0.26696072736296006,3.667000287998235,2.5769398650008952,0.06783761675194547,0.020157866372717485,0.196107267998741,0.023251510996487923,2.7745034222628417,0.23938955589008382,3.283027461002348,1.6920576309930766,42.99499784301097,0.24654557047116948,44.014850805004244,42.60929222700361,24.1193314169941,20.49259870631795,2.7250487127540253,24.082998554993537,15.667586185998516,7.104939075760776,0.573053893032155,7.750327533009113,5.8342811050097225
from_memory,2,4,2,100,0,43.71564406200196,4575021.237622389,18.300084950489552,9.510766133469442,0.8559518144401846,11.851356910992763,7.745095742997364,1.103222330679273,0.10956689359393622,1.3112027140014106,0.6432722659956198,0.02101056801521336,0.0137938361795456,0.14529222699638922,0.007429053002852015,0.9600302009073494,0.10797780717787815,1.1660299340001075,0.3128536529984558,43.37197438976462,0.14063040116696154,43.69699090300128,43.006754096000805,23.394860992993927,20.515123760080897,2.3281606937006063,23.406608695004252,15.750083517996245,7.273735483399942,0.4816135909246354,7.98770332201093,6.0477461270056665
from_memory,2,4,2,100,1,43.548942600988084,4592534.010124558,18.37013604049823,9.80330523979952,0.7554188330714341,12.161968219006667,8.024249312991742,1.105417859381123,0.10320329168499678,1.3248861909960397,0.638880276994314,0.018166271269973368,0.008967869477315238,0.10361039199051447,0.0067515309929149225,0.9557137665125265,0.0960983968559035,1.1649148760043317,0.43682630598777905,43.239483826392096,0.13853279080408984,43.526898229989456,42.83565821299271,23.334531432003132,20.291552076478254,2.5436162814599976,23.254895591002423,15.242949938008678,7.283615209041745,0.7445659403213911,8.307945595006458,5.794997011005762
from_memory,2,4,2,100,2,43.39309046200651,4609028.71564571,18.43611486258284,10.615291183529335,0.8266985632810063,13.206625393999275,8.988311319000786,1.098331924029335,0.08783314990367641,1.2782065350038465,0.734276792005403,0.01794492247424787,0.008063292008101514,0.10606717701011803,0.007378145004622638,0.9615482960203008,0.08990950157558124,1.1383230310020735,0.49324477500340436,43.04418627823208,0.143724822012932,43.370948613010114,42.67151273701165,23.534518368003774,20.477987132320415,2.6502234233453943,23.46404990000883,14.149558103003073,7.160844014880131,0.6999580313620244,7.9129715010058135,5.605890528997406
