batch_size,status,avg_latency_ms,std_latency_ms,throughput,throughput_efficiency,peak_memory_mb,memory_per_sample_mb,memory_utilization
1,success,4.803535985946655,0.6003248753421458,208.17997469481335,208.17997469481335,159.890625,159.890625,0.3285215662706301
2,success,3.8707711577415465,1.5641251504848321,516.692906528457,258.3464532642285,159.791015625,79.8955078125,0.3283169024394002
3,success,4.764851236343384,0.5966083620936258,629.6104224866092,209.87014082886972,160.1455078125,53.3818359375,0.32904526489760066
4,success,4.819644832611084,0.6416968968592522,829.9366735355404,207.4841683838851,161.55908203125,40.3897705078125,0.3319496854437305
5,success,4.6613696098327635,0.6559163252881195,1072.6461144494795,214.5292228898959,163.40283203125,32.68056640625,0.33573797282963236
6,success,4.606512022018433,0.6022370364048545,1302.503927336107,217.08398788935116,164.55126953125,27.425211588541668,0.33809762641322383
7,success,4.685347223281861,0.5814801619040258,1494.0194752731338,213.4313536104477,166.26220703125,23.751743861607142,0.3416130286908192
8,success,4.599295902252197,0.6200312812203134,1739.396675061184,217.424584382648,167.62158203125,20.95269775390625,0.3444060880346622
9,success,4.732803201675415,0.7362869163463839,1901.6214316314686,211.29127018127429,168.65478515625,18.739420572916668,0.34652897365663476
10,success,5.457891225814819,0.5471561307135644,1832.2094718014612,183.2209471801461,169.67236328125,16.967236328125,0.34861975514821836
11,success,5.637958335876465,0.30417372389698205,1951.0608884785177,177.36917167986525,173.0625,15.732954545454545,0.3555853481885566
12,success,6.4481312274932865,1.3214920313636769,1861.0043090988713,155.08369242490593,178.69921875,14.8916015625,0.36716691322638806
13,success,6.867558431625366,1.4008344252753124,1892.9580475259604,145.61215750199696,184.5234375,14.194110576923077,0.37913372782888755
14,success,7.461443185806274,1.5366872237245675,1876.3126182655744,134.02232987611245,191.25439453125,13.661028180803571,0.39296358524802366
15,success,8.272870349884034,2.1971240544439508,1813.1554545890187,120.87703030593458,196.06298828125,13.070865885416667,0.40284363137523826
16,success,7.859481573104858,0.19563769130997982,2035.757683401408,127.234855212588,201.99658203125,12.624786376953125,0.41503517489046066
17,success,8.299430418014527,0.187552324831832,2048.333336598647,120.49019627050863,208.8828125,12.287224264705882,0.4291840671053375
18,success,8.447094249725343,0.31410207637513954,2130.910283211919,118.38390462288437,215.39453125,11.966362847222221,0.44256346344495295
19,success,8.771843242645264,0.24349870760984402,2166.0213793640823,114.00112522968854,221.96875,11.682565789473685,0.45607127630612443
20,success,9.174691200256348,0.23885816602219495,2179.9098807206924,108.99549403603461,226.30859375,11.3154296875,0.464988198521669
21,success,9.470873641967774,0.2697218749160317,2217.324482816857,105.58688013413605,231.66455078125,11.031645275297619,0.4759928924665732
22,success,10.41269130706787,0.3436552151873195,2112.8063198288573,96.0366509013117,238.22314453125,10.828324751420455,0.48946860119735563
23,success,10.7301664352417,0.2785461341023854,2143.489585069229,93.19519935083605,245.88720703125,10.690748131793478,0.5052156771531598
24,success,10.818179035186768,0.2560799642105107,2218.487965667658,92.43699856948575,250.55859375,10.43994140625,0.514813808885396
25,success,11.453312110900878,0.17476490811682474,2182.774708130571,87.31098832522284,256.8359375,10.2734375,0.5277116432691764
26,success,12.239564800262452,2.348990376179609,2124.258535682779,81.70225137241458,261.89453125,10.072866586538462,0.538105355482615
27,success,12.765561771392822,2.5657650982782596,2115.065555556361,78.33576131690225,269.07470703125,9.965729890046296,0.5528582066504348
28,success,13.656243133544923,1.8650973884451891,2050.3442803549215,73.22658144124719,273.19970703125,9.757132393973214,0.5613336970731306
29,success,13.916368103027343,2.1335091596130242,2083.8770421494805,71.85782903963727,279.13330078125,9.625286233836206,0.5735252405883531
30,success,14.190857696533204,1.9864155133891013,2114.0371245727406,70.46790415242468,285.96533203125,9.532177734375,0.5875627716009431
31,success,14.16599998474121,0.9651451820008228,2188.3382770994913,70.59155732579003,293.05859375,9.453503024193548,0.6021370435434741
32,success,14.40425271987915,0.5444736926612435,2221.566132051901,69.42394162662191,299.43359375,9.3572998046875,0.6152355287421859
33,success,14.710198402404785,0.767116712396221,2243.341598615369,67.98004844288997,303.0703125,9.183948863636363,0.6227077650902254
34,success,15.189775943756104,0.12829850375520055,2238.3476968912114,65.83375579091798,309.27783203125,9.096406824448529,0.6354621341413301
35,success,15.771747207641601,0.25457872749613153,2219.158064050258,63.404516115721655,315.54736328125,9.015638950892857,0.6483439164599161
36,success,16.013043117523193,0.20665060792782458,2248.167305601328,62.449091822259106,322.41845703125,8.956068250868055,0.6624617077984786
37,success,16.286470413208008,0.29600242761695633,2271.8243462987366,61.40065800807396,327.35595703125,8.847458298141891,0.6726066130014023
38,success,16.689788627624512,0.3173046689605027,2276.8412978642145,59.91687625958459,333.43359375,8.774568256578947,0.6850941164686484
39,success,17.940713500976564,3.0798799246222575,2173.826587101852,55.739143259021844,339.171875,8.696714743589743,0.6968843583540084
40,success,17.45165729522705,0.2113627729233774,2292.0459256863714,57.301148142159285,345.27734375,8.63193359375,0.7094290473035099
41,success,17.808102416992188,0.23008599025628546,2302.3227876811006,56.15421433368538,350.79345703125,8.55593797637195,0.7207628085849013
42,success,18.217107391357423,0.28177055845374305,2305.525191113803,54.89345693128102,356.27001953125,8.48261951264881,0.7320153062862456
43,success,19.056742477416993,0.27680886652648584,2256.419220176624,52.47486558550288,362.35986328125,8.426973564680232,0.744527891105358
44,success,19.32904644012451,0.2284349909567694,2276.366821110321,51.735609570689114,370.43359375,8.4189453125,0.7611166972297988
45,success,22.463596534729003,1.3544519764227272,2003.2411074704548,44.516469054899,374.87109375,8.33046875,0.7702342702602746
46,success,23.437510299682618,1.7840416413744262,1962.6658041670457,42.666647916674904,380.34765625,8.26842730978261,0.781486767961619
47,success,24.54173755645752,3.1150674163817444,1915.1048246636137,40.746911163055614,386.015625,8.21309840425532,0.7931325412602284
48,success,25.130479621887208,5.774708543442716,1910.031194080146,39.792316543336376,392.80908203125,8.183522542317709,0.8070908152009205
49,success,25.474144172668456,5.625717442565196,1923.5189872471847,39.25548953565683,398.77392578125,8.138243383290817,0.8193465669769209
50,success,26.24159355163574,3.805159956400856,1905.3720918897209,38.10744183779442,403.73876953125,8.074775390625,0.8295476544080255
51,success,26.76888961791992,2.746571377833183,1905.196693921104,37.35679792002165,411.24609375,8.063648897058824,0.8449726858058649
52,success,27.600307273864747,4.718577007707194,1884.036995821412,36.231480688873305,416.68359375,8.013146033653847,0.8561449231812368
53,success,27.24820785522461,2.6326353078274725,1945.0820502251015,36.69966132500191,422.6484375,7.974498820754717,0.8684006749572373
54,success,27.67606678009033,3.5954562497474067,1951.1443020092233,36.13230188905969,428.46533203125,7.934543185763889,0.880352440748617
55,success,29.525935935974122,4.648103309085634,1862.7690624021343,33.86852840731153,433.82470703125,7.887721946022728,0.8913641574720438
56,success,29.660713577270506,2.810934206599893,1888.0193105978988,33.71463054639105,439.59033203125,7.849827357700893,0.9032105815855845
57,success,29.79816665649414,5.3413344872390764,1912.8693606248276,33.55911158990926,445.99267578125,7.824432908442983,0.9163652490124771
58,success,30.509775733947755,3.121511024539742,1901.0300339724981,32.77637989607756,452.68359375,7.804889547413793,0.9301128395974914
59,success,29.83482246398926,2.7227056189368586,1977.554921642762,33.517880027843425,457.74609375,7.7584083686440675,0.940514577843527
60,success,31.4697566986084,5.479885532239979,1906.5924333203764,31.776540555339604,463.38671875,7.723111979166666,0.9521041689139557
61,success,31.483427047729492,4.406053794955363,1937.5273189771497,31.762742934051634,470.57470703125,7.714339459528689,0.9668730721469702
62,success,32.21337604522705,3.017781597029783,1924.666322243065,31.04300519746879,475.34033203125,7.666779548891129,0.9766648319156148
63,success,31.823632431030273,3.294957004071056,1979.6608742429598,31.42318848004698,480.87548828125,7.6329442584325395,0.9880377201059178
64,success,33.541625785827634,5.522086294701634,1908.0768597401132,29.813700933439268,487.80859375,7.62200927734375,1.0022829247119618
65,success,33.72609329223633,2.5149088710312375,1927.291116607415,29.650632563191,494.58984375,7.609074519230769,1.0162161173007875
66,success,33.99451847076416,5.573784467287674,1941.4894803337506,29.4165072777841,500.12109375,7.577592329545454,1.0275809794584934
67,success,34.188092422485354,2.7997684644144525,1959.7466618504402,29.249950176872243,504.71875,7.533115671641791,1.0370276198254564
68,success,34.569868850708005,2.4257224006275906,1967.0308931069992,28.92692489863234,511.49658203125,7.522008559283088,1.0509537896357593
69,success,34.571411323547366,4.589084964947429,1995.8687643452538,28.925634265873242,517.19970703125,7.495647927989131,1.0626717972277442
70,success,35.18021144866943,2.890872935299044,1989.7549536373665,28.425070766248094,523.22314453125,7.4746163504464285,1.0750479394927035
71,success,36.79406089782715,4.781355699198707,1929.6592511807485,27.178299312404906,529.265625,7.454445422535211,1.0874632086665743
72,success,36.80386581420898,4.295940333073027,1956.316229481598,27.17105874279997,535.55859375,7.438313802083333,1.1003931471807438
73,success,37.13250923156738,3.256444609201602,1965.93231943347,26.930579718266713,540.83984375,7.408764982876712,1.1112443432522254
74,success,37.523219680786134,5.5639125933406,1972.1122182351505,26.65016511128582,546.86328125,7.390044341216216,1.1236204855171845
75,success,37.766700744628906,3.7099105431623114,1985.8764075563663,26.47835210075155,553.01220703125,7.37349609375,1.1362544640793306
76,success,38.93050880432129,4.209323152115409,1952.1964221429334,25.686795028196492,558.37158203125,7.346994500411184,1.1472661808027573
77,success,39.80536651611328,6.362040414601382,1934.4125362802592,25.12224073091246,564.03955078125,7.325188971185065,1.1589119541013668
78,success,38.858019256591795,3.829163786047558,2007.3076675612651,25.734713686682888,571.28515625,7.324168669871795,1.1737992413151905
79,success,39.11424674987793,2.612106001146212,2019.7244371130973,25.566132115355664,576.99609375,7.303748022151899,1.1855333009723699
80,success,39.70466537475586,2.7798173496356373,2014.8765704209618,25.18595713026202,582.05859375,7.275732421875,1.1959350392184056
81,success,40.81717147827148,3.6924550934211444,1984.4589192839917,24.499492830666565,587.68017578125,7.255310812114198,1.2074855033799228
82,success,40.785302734375,4.300135892426801,2010.5281682974512,24.518636198749405,594.96533203125,7.255674780868903,1.2224540541737938
83,success,41.76663017272949,3.05537332699067,1987.232382807671,23.942558829008085,600.79345703125,7.238475385918675,1.2344288948088906
84,success,41.791055297851564,2.8340899537158486,2009.999493942388,23.928565404076046,605.48095703125,7.208106631324405,1.2440601339255903
85,success,42.09552001953125,2.6800449272145173,2019.2172459340604,23.755497010988947,612.1796875,7.202113970588235,1.2578237765757991
86,success,42.9257568359375,2.9510241404866178,2003.4591429265306,23.296036545657334,618.74609375,7.194722020348837,1.2713155373717762
87,success,43.77322273254394,4.038735154353202,1987.516444278579,22.845016600903207,624.27734375,7.175601652298851,1.2826803995294818
88,success,43.421491622924805,2.211073035616756,2026.6461770636072,23.030070193904628,629.21533203125,7.150174227627841,1.2928263079864803
89,success,44.8600414276123,3.056820362557301,1983.94823472496,22.291553199156855,636.04345703125,7.146555696980337,1.306855812966473
90,success,43.91406059265137,2.584404026819511,2049.4574809385927,22.771749788206584,641.59033203125,7.128781467013889,1.3182527792545677
91,success,46.32695693969727,5.772285738894234,1964.2991038339212,21.585704437735398,648.65625,7.12809065934066,1.3327708689689182
92,success,46.53104362487793,4.0233220938369705,1977.1746522962571,21.491028829307144,653.63671875,7.104746942934782,1.3430040605304117
93,success,46.60174980163574,4.013313585904641,1995.6332196937306,21.458421717136886,659.87109375,7.09538810483871,1.3558136085556223
94,success,46.48929901123047,4.1192859572932115,2021.9706900138958,21.51032648950953,664.99609375,7.0744265292553195,1.366343763323214
95,success,46.94515190124512,2.77382749002897,2023.6381426530293,21.301454133189782,671.28173828125,7.066123560855263,1.3792586530262636
96,success,47.05728607177734,2.587675270433461,2040.0666509660043,21.25069428089588,678.55908203125,7.0683237711588545,1.39421115175494
97,success,47.41131172180176,2.9616338920864536,2045.925254487216,21.092012932857898,682.91845703125,7.040396464239691,1.403168204133471
98,success,48.549075317382815,4.097926569427562,2018.576035884075,20.597714651878317,689.45703125,7.035275829081633,1.4166027794471925
99,success,49.67699851989746,3.94967952749999,1992.8740251959239,20.130040658544686,695.5,7.025252525252525,1.429019051875138
100,success,48.17076148986816,3.405602784513209,2075.9480835907725,20.759480835907723,703.05859375,7.0305859375,1.4445494249508166
101,success,48.359744262695315,2.67836768644535,2088.513939431879,20.6783558359592,706.37109375,6.993773205445544,1.4513555005932843
102,success,49.88983993530273,3.0917326596511714,2044.5044548604255,20.044161322161035,712.28564453125,6.983192593443627,1.4635079171995953
103,success,50.08996772766113,2.9546020961386357,2056.299987255141,19.964077546166415,719.63720703125,6.986769000303398,1.4786129105476193
104,success,50.306060791015625,3.148549497504271,2067.345333041338,19.878320510012866,725.93408203125,6.980135404146635,1.4915508750943862
105,success,49.721849822998045,2.551783019803191,2111.747659706617,20.111882473396353,730.9140625,6.961086309523809,1.501783063401805
106,success,50.44444465637207,2.965752929036508,2101.321577074994,19.823788462971642,736.55078125,6.948592275943396,1.5133646284396365
107,success,51.161014556884766,2.9534441047378746,2091.436241574708,19.54613309882905,742.90234375,6.943012558411215,1.5264149574427648
108,success,51.570054626464845,2.7258283946475834,2094.2386193358093,19.391098327183418,748.51220703125,6.930668583622685,1.5379413435064901
109,success,52.317487716674805,3.2148208300517433,2083.4333749030375,19.114067659660893,753.82080078125,6.915787163130734,1.5488487218061529
110,success,53.422607421875,2.923694295789552,2059.0533728789546,18.718667026172316,760.59033203125,6.914457563920455,1.5627578362971868
111,success,53.64658203125,3.022117598330419,2069.097336626977,18.64051654618898,765.98095703125,6.900729342623874,1.5738337612813915
112,success,53.71199035644531,3.4322990276430767,2085.195489065697,18.61781686665801,772.87109375,6.900634765625,1.5879906795288654
113,success,54.50103988647461,2.870322853153699,2073.354934793509,18.348273759234594,778.9765625,6.893597898230088,1.600535368478367
114,success,54.66690216064453,3.0466298449806772,2085.3568703234514,18.29260412564431,784.18359375,6.878803453947368,1.611234069930501
115,success,55.415046310424806,2.9534953490181417,2075.24864918079,18.04564042765904,789.42236328125,6.8645422894021735,1.6219979828974878
116,success,55.85750122070313,3.069077143486309,2076.7130191102347,17.90269844060547,795.73095703125,6.859749629579741,1.6349600255420462
117,success,56.18622741699219,3.3280066225744607,2082.3608449749045,17.79795593995645,802.94970703125,6.862818008814102,1.6497921337817638
118,success,56.31056022644043,3.661874901204891,2095.521684129747,17.7586583400826,808.43359375,6.851132150423729,1.6610596802942281
119,success,56.97968635559082,3.382153755570235,2088.4635843265532,17.55011415400465,813.828125,6.838891806722689,1.67214363131103
120,success,58.15465240478515,3.3421711446837943,2063.4634554212557,17.195528795177133,819.71484375,6.83095703125,1.6842388624350855
121,success,58.208761596679686,3.2326434960065993,2078.7248634216267,17.179544325798567,826.33984375,6.829254907024794,1.6978510137200211
122,success,50.46311950683594,0.28676655706608384,2417.6071791097534,19.816452287784863,830.95751953125,6.811127209272541,1.707338787504045
123,success,50.587541580200195,0.2675022590694819,2431.428690896136,19.767712934114925,836.89111328125,6.803992790904472,1.7195303310192676
124,success,50.96214408874512,0.2548097083668597,2433.1786312614176,19.622408316624337,843.74658203125,6.804407919606855,1.7336160182274412
125,success,51.221427536010744,0.22624168538401063,2440.3849328900474,19.52307946312038,850.46484375,6.80371875,1.7474197910406362
126,success,51.768310546875,0.47802567013205494,2433.9214215984493,19.31683667935277,855.28515625,6.787977430555555,1.7573239152656424
127,success,52.65798377990723,0.242270618835913,2411.790024677313,18.99047263525443,860.921875,6.778912401574803,1.7689054803034738
128,success,53.09634552001953,0.21612723765921626,2410.7120508272774,18.833687897088105,867.05908203125,6.773899078369141,1.7815153807678281
129,success,53.10648612976074,0.16999687033955826,2429.0818203411263,18.830091630551365,872.96142578125,6.767142835513566,1.7936427160222725
130,success,53.45132827758789,0.15613028358253853,2432.1191668965303,18.708608976127156,879.36376953125,6.764336688701923,1.806797383449165
131,success,54.09677391052246,0.33529120447652605,2421.5861784415756,18.48539067512653,885.13720703125,6.756772572757634,1.8186598596279004
132,success,54.39109115600586,0.1942059148644524,2426.8680255263566,18.385363829745128,891.30859375,6.752337831439394,1.8313399878774803
133,success,55.085356903076175,0.3343771641385975,2414.434751398929,18.15364474736037,897.0859375,6.74500704887218,1.8432104900888129
134,success,57.14935035705567,3.2197914692701266,2344.73356499767,17.49801167908709,903.19140625,6.740234375,1.8557551790383142
135,success,57.38356170654297,2.2512355797644235,2352.590114402172,17.426593440016088,908.57470703125,6.730183015046296,1.8668160552113993
136,success,57.80078125,3.097048904432823,2352.9093735216597,17.30080421707103,914.02783203125,6.720792882582721,1.8780203967171603
137,success,58.63453483581543,3.6794394215890303,2336.5069814848603,17.05479548529095,920.18017578125,6.716643618841241,1.8906613980578284
138,success,59.38517799377441,3.5417819818017477,2323.812181121476,16.839218703778812,927.34033203125,6.719857478487318,1.9053731158085876
139,success,59.53574676513672,3.3594666123871217,2334.7317796876346,16.796631508544134,932.74609375,6.710403552158273,1.9164801416691066
140,success,59.37824668884277,3.1342505940775864,2357.7658116723433,16.841184369088165,938.19921875,6.7014229910714285,1.9276844831748674
141,success,60.066912460327146,3.506206994431096,2347.3821813819272,16.648100577176788,943.9296875,6.694536790780142,1.9394586729950327
142,success,60.31892127990723,3.4155975384057147,2354.1535058469535,16.578545815823617,950.65283203125,6.694738253741197,1.9532724783489743
143,success,60.4803165435791,3.510940171296666,2364.4056144607202,16.534304996228812,955.56298828125,6.682258659309441,1.9633612013237174
144,success,61.21224403381348,3.548231635415069,2352.4705273091245,16.33660088409114,961.49658203125,6.677059597439236,1.97555274483894
145,success,61.381229400634766,3.0594750789779894,2362.2856924807784,16.29162546538468,969.12109375,6.68359375,1.9912185572146972
146,success,61.78793907165527,3.401761408670289,2362.920696071191,16.18438832925473,974.62109375,6.6754869434931505,2.002519211111625
147,success,62.35047988891601,3.470378648219735,2357.6402340751197,16.038368939286528,980.5625,6.670493197278912,2.0147268066920416
148,success,62.72810287475586,3.3785065850491804,2359.3890651451657,15.941818007737606,985.29296875,6.657384923986487,2.024446332167311
149,success,62.88107528686523,3.2970483909374946,2369.5523545082174,15.90303593629676,991.60595703125,6.655073537122483,2.0374174040985418
150,success,74.19434204101563,3.8763621122883607,2021.7175039719064,13.478116693146042,997.41064453125,6.649404296875,2.0493440885380547
151,success,74.31768035888672,6.850475932085689,2031.8179909653734,13.455748284538897,1003.81298828125,6.647768134312914,2.0624987559649473
152,success,75.94260787963867,8.035627415577657,2001.511460350487,13.167838554937413,1010.55859375,6.6484118009868425,2.076358711006323
153,success,76.6119171142578,8.247814363567198,1997.0783366746743,13.052799586108982,1015.62109375,6.638046364379085,2.086760449252359
154,success,76.06398696899414,4.6389733035021194,2024.6112008666441,13.146825979653533,1021.30078125,6.63182325487013,2.09843030064876
155,success,76.91253814697265,4.462551787205554,2015.2761010670267,13.001781297206625,1028.41845703125,6.634957787298387,2.113054735295024
156,success,77.20837707519532,7.240757300603961,2020.5061407788355,12.951962440889972,1033.12158203125,6.622574243790064,2.122718078542113
157,success,77.95546646118164,4.778646909982177,2013.9703747161723,12.827836781631671,1038.63330078125,6.6154987310907645,2.1340428105368323
158,success,79.03568954467774,7.892274598584209,1999.0968752247663,12.65251186851118,1044.62939453125,6.6115784464003164,2.1463627705736106
159,success,78.38287734985352,5.340045959126879,2028.5042521508958,12.757888378307522,1052.52734375,6.619668828616352,2.1625904052311755
160,success,79.12063674926758,4.254272664517791,2022.228416930443,12.638927605815269,1058.05859375,6.6128662109375,2.173955267388881
161,success,79.4823844909668,5.536247340734444,2025.6060639234813,12.581404123748332,1062.5703125,6.599815605590062,2.183225335038705
162,success,79.55968704223633,5.8231924010078115,2036.207104660908,12.569179658400667,1069.27783203125,6.600480444637346,2.1970070362622574
163,success,80.30110168457031,7.105521496343158,2029.8600714131935,12.45312927247358,1075.04345703125,6.595358632093558,2.2088534603757983
164,success,80.7284439086914,7.498361005875932,2031.5020587476404,12.38720767529049,1081.04345703125,6.591728396532012,2.221181446445174
165,success,81.53670959472656,5.42402177563893,2023.6283855471092,12.264414457861267,1086.10205078125,6.582436671401515,2.2315751586586123
166,success,81.60840682983398,5.287101445769059,2034.1041621623053,12.253639531098225,1093.43359375,6.586949359939759,2.2466390185895757
167,success,82.03960266113282,5.501630237020647,2035.6022528509652,12.189235047011767,1098.77734375,6.579505052395209,2.2576186311826136
168,success,82.89411087036133,5.7067714714983,2026.6819709633698,12.063583160496249,1104.77734375,6.576055617559524,2.269946617251989
169,success,84.59221725463867,6.503672447236693,1997.8197224843727,11.821418476238891,1110.79345703125,6.572742349297338,2.2823077107058287
170,success,85.0914909362793,6.288119039020778,1997.849586714897,11.75205639244057,1116.15283203125,6.565604894301471,2.2933194274292554
171,success,85.12345657348632,5.361909978203604,2008.8469956853457,11.747643249621905,1121.85986328125,6.560583995796784,2.3050454610538376
172,success,84.93678588867188,4.0880577412568275,2025.0354213478645,11.773461752022468,1129.19921875,6.565111736918604,2.320125373049995
173,success,85.15196075439454,4.180561077183683,2031.6619660583892,11.743710786464678,1134.87109375,6.559948518786127,2.331779172381202
174,success,85.31856918334961,4.7059802678363045,2039.4153543066807,11.720777898314257,1139.93359375,6.551342492816092,2.342180910627238
175,success,85.54157180786133,5.872330293502447,2045.7889222923698,11.690222413099256,1145.515625,6.545803571428571,2.3536501112087076
176,success,87.10142364501954,4.269894435908161,2020.632874122531,11.480868602968926,1152.80908203125,6.550051602450284,2.3686357173218475
177,success,87.50217666625977,5.369852933414634,2022.8068231387203,11.428287136376952,1158.63720703125,6.545972921080509,2.3806105579569445
178,success,87.32618865966796,4.0871549055000616,2038.3346935443456,11.451318503058122,1163.23876953125,6.535049267029494,2.390065224356505
179,success,88.3058692932129,4.8522635115206025,2027.0453304258199,11.32427558897106,1170.03125,6.536487430167598,2.4040214917890474
180,success,87.28412857055665,4.892488420018916,2062.230590461769,11.456836613676495,1176.68359375,6.537131076388889,2.417689825302164
181,success,89.33836517333984,3.5930643132617646,2026.005285062163,11.193399364984327,1182.21484375,6.531573722375691,2.4290546874598697
182,success,89.21056289672852,6.517162618386032,2040.1171575465332,11.209434931574359,1186.97314453125,6.521830464457418,2.438831398417395
183,success,90.40527420043945,5.082363155471224,2024.2181843756905,11.061301553965523,1193.82470703125,6.5236322788592895,2.452909059592971
184,success,90.52846069335938,6.412523204034247,2032.509981841513,11.04624990131257,1199.43408203125,6.5186634893002715,2.464434442402622
185,success,90.89259643554688,3.713178924667544,2035.36929579502,11.001996193486594,1205.49267578125,6.516176625844595,2.476882818960956
186,success,90.68278427124024,4.851605412863429,2051.1059678500555,11.027451440054062,1211.48828125,6.513377856182796,2.48920177574366
187,success,90.70029220581054,4.190200820861299,2061.73536437648,11.0253228041523,1217.74609375,6.512011196524064,2.502059479964454
188,success,91.89761962890626,4.002080997916619,2045.754838473149,10.881674672729515,1222.93359375,6.504965924202128,2.512718051253602
189,success,91.50537948608398,3.3795809630486824,2065.4523380097326,10.928319248728744,1229.10205078125,6.5031854538690474,2.5253921599787343
190,success,92.40393524169922,4.896482552911824,2056.189484820323,10.822049920106963,1235.34033203125,6.501791221217105,2.5382097340365424
191,success,93.17411804199219,6.981601222186054,2049.9254944803356,10.73259421193893,1240.69970703125,6.495809984456806,2.549221450759969
192,success,94.3707061767578,4.358995652624066,2034.5296520339798,10.596508604343645,1247.30859375,6.49639892578125,2.562800494660441
193,success,95.32351226806641,5.32546492327969,2024.6841037209183,10.490591210989214,1253.4140625,6.494373380829016,2.575345183609943
194,success,94.74508819580078,4.466818709222376,2047.599550480954,10.554636858149246,1260.12109375,6.495469555412371,2.5891258815794203
195,success,83.1112159729004,4.590427189962312,2346.2537242095286,12.032070380561684,1264.24609375,6.483313301282052,2.5976013720021163
196,success,82.21156311035156,3.3798200855276725,2384.0928524484034,12.1637390431041,1270.04345703125,6.479813556281888,2.6095130076305098
197,success,83.6906837463379,3.6031979042207842,2353.9059687586823,11.948761262734427,1277.19970703125,6.483247243813452,2.6242166993486715
198,success,83.15565185546875,3.3314142034109797,2381.076879105464,12.025640803562949,1283.02783203125,6.479938545612374,2.636191539983768
199,success,84.45665435791015,3.8911852172658303,2356.238256332987,11.840393247904457,1288.765625,6.476209170854271,2.6479807786150533
200,success,83.84604187011719,2.085316442803687,2385.32428650374,11.9266214325187,1294.40234375,6.47201171875,2.659562343652885
201,success,83.97221069335937,3.1883119720397373,2393.6490219840707,11.9087016019108,1300.83984375,6.471840018656716,2.6727892453731528
202,success,85.61152038574218,4.685912798582826,2359.495533893605,11.680670959869332,1306.37109375,6.467183632425742,2.6841541075308584
203,success,85.86621856689453,4.640043695803292,2364.142772187549,11.646023508313048,1311.57861328125,6.460978390548029,2.694853812237067
204,success,86.28899841308593,4.72415773864353,2364.1484285563674,11.588962885080232,1318.37158203125,6.462605794270833,2.7088110829236847
205,success,86.1570037841797,3.8393947570742197,2379.3770790070403,11.606717458570929,1323.82470703125,6.4576814977134145,2.7200154244294454
206,success,86.00704040527344,3.3943961728402714,2395.1527576034264,11.626955133997216,1330.78515625,6.460122117718447,2.7343168112636698
207,success,88.12800064086915,4.591726633551721,2348.8561920693824,11.347131362654022,1335.859375,6.45342693236715,2.7447426276074975
208,success,88.27000885009765,4.508118097300862,2356.406243860594,11.328876172406702,1342.05859375,6.452204777644231,2.757479941339333
209,success,87.37256317138672,3.170618363336749,2392.0552678537483,11.445240516046642,1347.18017578125,6.445838161632775,2.7680030733284022
210,success,87.8940643310547,2.481162701226589,2389.2398377327386,11.37733256063209,1353.55126953125,6.445482235863095,2.7810935324945167
211,success,85.72784576416015,0.3494196229960558,2461.2772911670645,11.664821285151964,1360.79345703125,6.449258090195498,2.7959737969298177
212,success,86.41710052490234,0.5026709465043618,2453.21815603972,11.571783754904338,1365.24658203125,6.439842368071934,2.8051234740906827
213,success,86.74861450195313,0.19252695001283898,2455.37062721854,11.52756163013399,1371.6796875,6.43981073943662,2.8183413465242784
214,success,87.18599243164063,0.36067465494119627,2454.5227281525713,11.469732374544726,1377.62890625,6.437518253504673,2.83056499416989
215,success,87.76294403076172,0.34842114728578183,2449.78108214602,11.39433061463265,1384.27734375,6.438499273255814,2.844225301650409
216,success,88.12613830566406,0.1348030827734753,2451.032169942674,11.347371157142009,1388.71533203125,6.429237648292824,2.8533438779349596
217,success,88.21296157836915,0.20448442721654284,2459.955953380109,11.33620255013875,1394.64892578125,6.426953575028802,2.865535421450182
218,success,103.17393112182617,3.54524492311377,2112.9368400491494,9.69237082591353,1401.59033203125,6.429313449684633,2.879797681375495
219,success,103.2881088256836,4.040475031364258,2120.2827943108155,9.681656595026555,1408.40234375,6.431060930365297,2.893794078971024
220,success,105.11379547119141,3.3748158570628606,2092.969804903444,9.513499113197474,1413.13671875,6.4233487215909095,2.903521630478891
221,success,105.5577407836914,3.053205850871567,2093.640867635397,9.473488088847951,1418.7734375,6.419789309954751,2.9151031955167226
222,success,106.31748809814454,3.827162073483525,2088.085450204258,9.405790316235397,1424.99609375,6.418901323198198,2.9278886654441414
223,success,106.01350708007813,2.894446507770635,2103.505545114692,9.432760291994134,1430.78173828125,6.416061606642376,2.939776222974743
224,success,106.14485549926758,3.108097986897221,2110.323660495686,9.421087770070027,1437.18408203125,6.4160003662109375,2.9529308904016354
225,success,107.30592041015625,3.2412578120301667,2096.8088166988437,9.319150296439306,1442.91845703125,6.412970920138889,2.9647131062543983
226,success,108.35512924194336,4.264576676436601,2085.7342110254003,9.228912438165489,1449.18359375,6.412316786504425,2.9775858592863123
227,success,108.12604446411133,2.7871657440179276,2099.401685551761,9.24846557511789,1455.0,6.409691629955947,2.9895366218236172
228,success,107.80358352661133,3.3673583331406234,2114.9575231301856,9.276129487413094,1461.10546875,6.408357319078948,3.002081310773119
229,success,108.32689895629883,3.900227869430944,2113.971711609533,9.231317517945559,1466.37109375,6.403367221615721,3.0129004027142114
230,success,109.05220031738281,3.4778060653195495,2109.081699687065,9.169920433422021,1471.78564453125,6.399068019701087,3.0240254871480747
231,success,109.60033493041992,3.1009660421971232,2107.657792712504,9.124059708712139,1478.00048828125,6.398270512040043,3.036794905010299
232,success,109.85110168457031,2.86302720072928,2111.9496886446495,9.103231416571765,1485.18408203125,6.401655525996767,3.0515547789566413
233,success,111.01454391479493,2.6557873464955213,2098.824098028367,9.007828746902863,1490.62109375,6.397515423819742,3.062726013077939
234,success,110.76713714599609,3.605439737451258,2112.5399286214056,9.02794841291199,1496.05078125,6.393379407051282,3.0738821983881155
235,success,111.40441284179687,3.4204893087007098,2109.43170028389,8.976305107591022,1501.84375,6.390824468085106,3.0857848047298373
236,success,111.86503219604492,3.565878484859501,2109.685174777467,8.939343960921471,1508.49658203125,6.39193466962394,3.0994541414970285
237,success,115.87049789428711,7.188968060627262,2045.3869130365156,8.630324527580235,1513.32080078125,6.385319834520042,3.109366291754632
238,success,116.09586563110352,7.255877360564593,2050.029936089618,8.613571160040411,1519.25439453125,6.3834218257615545,3.1215578352698543
239,success,116.90431137084961,6.003499982787192,2044.4070641828805,8.554004452648035,1525.98095703125,6.384857560800209,3.135378663402319
240,success,117.17176132202148,6.602677128834593,2048.275090278889,8.534479542828704,1532.55859375,6.385660807291667,3.1488934990420123
241,success,117.07510910034179,3.7065365737401597,2058.5075841650137,8.541525245497983,1538.4765625,6.383720176348548,3.161052938426846
242,success,118.35624542236329,7.176162226058581,2044.6745259314753,8.449068288973038,1543.14453125,6.376630294421488,3.17064404738056
243,success,119.20348815917968,6.924749068758847,2038.5309503318165,8.389016256509533,1549.38720703125,6.376079041280864,3.18347065072504
244,success,118.4502685546875,7.91286080478034,2059.936232963011,8.442361610504145,1555.23095703125,6.373897364882172,3.1954775954905257
245,success,118.86012420654296,2.4537324363822504,2061.2463737145695,8.413250504957427,1561.63330078125,6.3740134725765305,3.2086322629174178
246,success,119.86759643554687,7.610263929672038,2052.264392673251,8.342538181598583,1568.43359375,6.375746316056911,3.2226045824151552
247,success,120.80013961791992,7.121346125150738,2044.6996235371828,8.278136127680902,1573.49609375,6.370429529352227,3.2330063206611905
248,success,120.07480926513672,3.0278351038302955,2065.3790875685854,8.328141482131393,1579.21484375,6.367801789314516,3.2447564323835643
249,success,121.00796432495117,3.9860334677584968,2057.7157990307383,8.263918871609391,1585.3203125,6.366748242971887,3.2573011213330663
250,success,121.61228485107422,5.935211884572084,2055.713370619989,8.222853482479955,1590.90283203125,6.363611328125,3.268771325168611
251,success,122.45367584228515,5.94908362037174,2049.7547196809082,8.166353464864176,1596.39111328125,6.360123957295817,3.280047900967747
252,success,122.6056510925293,3.9069304384937134,2055.3701868914513,8.156230900362901,1602.44970703125,6.358927408854167,3.2924962775260815
253,success,106.14530181884766,2.523130020408711,2383.5251835430377,9.42104815629659,1610.46484375,6.365473690711463,3.3089646931615633
254,success,106.43671035766602,3.818183887632774,2386.394686067126,9.395254669555614,1614.93359375,6.358006274606299,3.318146474452817
255,success,106.92077331542968,4.358915756868021,2384.9434688217043,9.35271948557531,1620.421875,6.354595588235294,3.3294230502519535
256,success,107.56673278808594,4.582857334200669,2379.917966871208,9.296554558090657,1627.05908203125,6.35569953918457,3.3430602828887555
257,success,108.44937896728516,4.595724105947922,2369.7692181116745,9.220891899267215,1632.88720703125,6.353646719965953,3.355035123523852
258,success,107.3080047607422,4.785999349167339,2404.294074568306,9.318969281272503,1638.86376953125,6.3521851532219,3.3673149533976448
259,success,108.799609375,4.779680216164131,2380.5232526828636,9.191209469818006,1643.85986328125,6.346949279078185,3.377580249089527
260,success,109.09465637207032,4.517587289369505,2383.2514684611397,9.166351801773613,1651.30859375,6.351186899038462,3.392884889998408
261,success,110.25013046264648,4.826056055385326,2367.3441374151357,9.070284051398987,1656.71484375,6.347566451149425,3.403992919113001
262,success,109.96715545654297,4.532872830294533,2382.5295736010708,9.093624326721644,1662.69140625,6.346150405534351,3.4162727489867937
263,success,110.66469802856446,4.579638517900093,2376.5483002729125,9.036305324231606,1668.57470703125,6.344390521031369,3.4283609573323264
264,success,112.05504302978515,4.974984598982566,2355.984995069134,8.924185587383084,1673.93408203125,6.3406594016335225,3.439372674055753
265,success,111.24715805053711,4.4410850552599275,2382.0833236891895,8.988993674298829,1679.68017578125,6.338415757665095,3.4511789680063076
266,success,111.56479339599609,3.7302308643741027,2384.2647120390434,8.963401173079111,1686.08251953125,6.338656088463346,3.4643336354332006
267,success,112.98806762695312,5.397492056536998,2363.0813908734162,8.850492100649499,1692.74609375,6.339873010299626,3.478025043790034
268,success,111.82189712524413,4.554639898416172,2396.6683350026815,8.942792294786125,1697.80859375,6.335106693097015,3.48842678203607
269,success,113.11183395385743,4.781533552280852,2378.177336508709,8.840807942411557,1703.4296875,6.332452369888476,3.499976242943512
270,success,112.35962448120117,4.284922811042688,2402.998419108935,8.899994144847907,1710.65283203125,6.33575122974537,3.514817380469902
271,success,113.5435661315918,4.717343552667254,2386.7490623460194,8.807192111977932,1715.44970703125,6.3300727196725095,3.5246733484993245
272,success,114.99866180419922,5.457016495186449,2365.2449144418465,8.695753361918554,1720.99658203125,6.3271933162913605,3.5360703147874193
273,success,113.86787872314453,4.568548088088636,2397.515463195422,8.782107923792754,1727.8828125,6.329241071428571,3.550219207002296
274,success,132.42895050048827,7.9447981176336775,2069.033991166378,7.551218945862694,1734.62109375,6.33073391879562,3.564064113232552
275,success,133.8467224121094,7.263599673974869,2054.588973447438,7.471232630717957,1740.15234375,6.327826704545455,3.575428975390258
276,success,135.55322875976563,5.552771235413935,2036.1005232058421,7.377175808716819,1744.79296875,6.321713654891305,3.5849639021157906
277,success,136.5573287963867,6.171493784731014,2028.4520973094004,7.3229317592397125,1751.60595703125,6.323487209499097,3.598962306219469
278,success,136.04318771362304,7.246016390728491,2043.468729836016,7.3506069418561735,1757.27783203125,6.3211432806879495,3.6106161055506756
279,success,136.90777206420898,5.436368993724276,2037.8682363565931,7.304187227084563,1763.31298828125,6.320118237567204,3.6230163259134267
280,success,136.78486709594728,5.309898248742567,2047.0100673022182,7.310750240365065,1769.33984375,6.319070870535715,3.6353994909569085
281,success,136.76759414672853,7.074050464250129,2054.580266276633,7.311673545468445,1775.62109375,6.318936276690391,3.648305351373286
282,success,137.64154510498048,5.323279952956663,2048.8000173560677,7.265248288496694,1780.87109375,6.31514572251773,3.65909233918399
283,success,138.24288330078124,5.568685503660518,2047.121654604557,7.233645422630944,1786.92236328125,6.3142132978136045,3.6715256669312044
284,success,138.92626190185547,7.246733170307821,2044.2499215924483,7.198063104198762,1793.12158203125,6.313808387433979,3.6842629806630405
285,success,138.11956481933595,7.106370976133179,2063.4296116758514,7.240103900617022,1798.48095703125,6.3104594983552635,3.695274697386467
286,success,138.8504898071289,5.548857322899577,2059.769471445654,7.201991158900888,1804.12939453125,6.308144736123252,3.7068803405220905
287,success,139.56842041015625,6.2397076891133585,2056.3390998950886,7.16494459893759,1811.328125,6.311247822299651,3.721671315344747
288,success,139.79913024902345,3.8301645680529885,2060.098653596679,7.1531203249884685,1818.05859375,6.312703450520833,3.735500169509808
289,success,141.58931732177734,4.87530503030941,2041.1144390449713,7.062679719878793,1822.12109375,6.3049172794117645,3.7438472434109484
290,success,141.31399536132812,2.862182304797829,2052.1675808435966,7.076439933943437,1827.80126953125,6.302762998383621,3.7555180980614242
291,success,141.82451629638672,3.049171957295197,2051.8314294255333,7.0509671114279495,1835.04345703125,6.305991261275773,3.7703983624967257
292,success,143.27405700683593,7.011017659616081,2038.0521505443796,6.979630652549245,1840.87158203125,6.304354732983733,3.7823732031318222
293,success,142.86795806884766,6.220271686234828,2050.8447377599123,6.999470094743728,1845.60205078125,6.2989831084684305,3.792092728607092
294,success,143.09539489746095,3.9145742720669596,2054.573455775247,6.988345087670909,1852.25390625,6.300183354591836,3.805760058866133
295,success,144.31484680175782,5.457355287724134,2044.1417258006386,6.929293985764876,1858.77734375,6.300940148305084,3.8191635333035405
296,success,144.2280471801758,6.663419527021713,2052.3053995886407,6.933464187799462,1864.30859375,6.29833984375,3.830528395461247
297,success,145.12035064697267,5.37093119774565,2046.5771938664736,6.890832302580719,1869.33642578125,6.294062039667509,3.840858902667982
298,success,144.4263671875,7.441760864294456,2063.335149966935,6.923943456264883,1876.15283203125,6.295814872588087,3.8548643295501823
299,success,142.97425994873046,5.45992727639196,2091.2855230530254,6.994265963388044,1881.66845703125,6.2932055419105355,3.866197087577499
300,success,141.61276092529297,3.056414350845856,2118.453153796382,7.061510512654607,1888.69921875,6.2956640625,3.880642942998475
301,success,141.6684310913086,3.348838874307079,2124.67941997606,7.058735614538406,1893.7109375,6.29139846345515,3.8909403428207456
302,success,142.63141632080078,2.7995981447708798,2117.345587600097,7.011078104636083,1899.93359375,6.291170840231788,3.903725812748165
303,success,136.70717239379883,9.980469855033457,2216.416261812349,7.314905154496202,1905.02734375,6.287218956270627,3.9141917592549786
304,success,122.90936813354492,0.4450301947718513,2473.367202325004,8.136076323437514,1911.37158203125,6.287406519839638,3.9272270394469873
305,success,123.79181671142578,0.5974768551399402,2463.813910341046,8.078078394560807,1918.63720703125,6.290613793545082,3.9421554600778714
306,success,123.88097915649413,0.3192213671379422,2470.112862229171,8.072264255650884,1923.02783203125,6.284404679840686,3.9511767207171804
307,success,123.36871337890625,0.29928396791682166,2488.4753321298012,8.105782840813685,1929.53125,6.285118078175896,3.9645390617375273
308,success,123.70068054199218,0.3373455007350253,2489.8812088220034,8.084029898772739,1935.54296875,6.28423041801948,3.976891125904694
309,success,124.52822189331054,0.3267013288370159,2481.3652303229346,8.03030818874736,1942.21484375,6.285484931229774,3.990599589580797
310,success,125.16330490112304,0.30564043628714643,2476.764258061857,7.9895621227801845,1946.47314453125,6.278945627520161,3.999348968365874
311,success,126.0822525024414,0.2486539633784463,2466.643749039762,7.931330382764508,1952.40673828125,6.277835171322347,4.011540511881097
312,success,126.26396484375,0.4018206355344884,2471.013803392725,7.919916036515144,1959.43408203125,6.280237442407852,4.025979344523549
313,success,126.79792633056641,0.1201582701138705,2468.494628090357,7.886564306997945,1965.26220703125,6.278792993710064,4.037954185158646
314,success,127.07416915893555,0.2373416629791655,2470.9978595828597,7.869419934977261,1970.98828125,6.277032742834395,4.049719345692139
315,success,127.40432357788086,0.32792699749567067,2472.443565131006,7.849027190892082,1976.625,6.275,4.061300910729971
316,success,127.42377243041992,0.18219350447277632,2479.9140221072375,7.847829183883663,1982.93359375,6.275106309335443,4.07426295337453
317,success,127.05145950317383,0.2945435301041788,2495.052014668758,7.870826544696398,1988.60205078125,6.2731925892152995,4.085909729927213
318,success,127.69505386352539,0.3212762426701833,2490.307888822881,7.831156883090821,1993.94189453125,6.2702575299724845,4.0968813164876545
319,success,128.32490234375,0.5291153853648423,2485.87759798546,7.792719742901128,2000.69970703125,6.271785915458464,4.110766352880897
320,success,129.23236236572265,0.24799232703982887,2476.1599505115614,7.73799984534863,2007.05859375,6.27205810546875,4.123831730695144
321,success,150.43675231933594,10.343712449025888,2133.787090262392,6.647311807671004,2012.9140625,6.2707603193146415,4.135862753558421
322,success,156.6208984375,5.631483459649404,2055.919760468588,6.384843976610521,2019.01953125,6.2702469914596275,4.148407442507923
323,success,155.63766632080078,5.443346957032632,2075.3330966440444,6.425179865771035,2024.24609375,6.267015770123839,4.159146274123043
324,success,156.73165893554688,5.430113994846985,2067.2275288889737,6.380331879286956,2029.54345703125,6.264023015528549,4.170030577578989
325,success,156.8505630493164,5.871527190494594,2072.0359154707953,6.375495124525524,2035.82080078125,6.264064002403846,4.18292841196277
326,success,157.44683685302735,6.075780361144425,2070.5401678174885,6.351350208029106,2043.02783203125,6.26695653997316,4.197736442104696
327,success,160.39972076416015,6.5770740330531305,2038.6569156239152,6.234424818421759,2048.49609375,6.264514048165138,4.208971884486771
328,success,159.61288604736328,4.861142887498181,2054.971926907391,6.265158313742046,2053.90234375,6.261897389481708,4.2200799136013645
329,success,158.85013732910156,5.347455031845284,2071.1345015609677,6.295241646081968,2059.7578125,6.260662044072948,4.232110936464642
330,success,161.07489166259765,6.652722854580939,2048.7364392660807,6.208292240200245,2066.37109375,6.261730587121212,4.245699009651785
331,success,161.70291595458986,6.1258295039502375,2046.9637052986288,6.184180378545706,2071.07861328125,6.257035085441843,4.255371382185547
332,success,162.04439697265624,5.877308916410736,2048.8212255559965,6.171148269746977,2077.01220703125,6.256060864551958,4.267562925700769
333,success,163.6678497314453,6.435157039061392,2034.6085107515232,6.109935467722292,2083.82470703125,6.257731852946697,4.281560326550372
334,success,162.35810394287108,5.7295436449962285,2057.180959180975,6.159224428685555,2090.49609375,6.258970340568863,4.295267786972401
335,success,163.7899154663086,5.540355725148256,2045.3029665853214,6.105381989806929,2095.359375,6.254804104477612,4.3052601975559766
336,success,163.9498779296875,6.450472782296951,2049.40683239849,6.099425096424078,2100.99609375,6.252964564732143,4.316841762593808
337,success,164.71241912841796,6.714737528074153,2045.9902282004498,6.071187620772848,2107.16845703125,6.252725391784125,4.329523897351538
338,success,162.72769775390626,5.734819956682006,2077.089546926171,6.145235345935417,2113.05126953125,6.2516309749445265,4.341611102442996
339,success,165.4016876220703,5.205541288925159,2049.5558713680603,6.045887526159469,2119.45361328125,6.252075555401918,4.354765769869888
340,success,166.74912872314454,6.386032889664328,2038.9911635730693,5.997032834038439,2125.24658203125,6.250725241268382,4.36666837621161
341,success,166.39551239013673,7.0620857971324495,2049.3341142547133,6.009777461157517,2131.37109375,6.250355113636363,4.379252192070023
342,success,166.53012237548828,5.044835303351732,2053.6825117372236,6.004919624962643,2137.12890625,6.248914930555555,4.391082564118369
343,success,166.9406311035156,4.987819382670889,2054.6226387949528,5.9901534658744975,2143.234375,6.248496720116618,4.40362725306787
344,success,167.70822448730468,6.274096690047079,2051.1814554809766,5.962736789188885,2148.68408203125,6.246174657067587,4.414824571795109
345,success,168.96974487304686,5.224539084990224,2041.7856478342385,5.918219269084749,2154.14892578125,6.243909929800725,4.426052991398661
346,success,169.06043548583983,6.519675030024438,2046.605398866255,5.9150445053938006,2160.27001953125,6.2435549697434976,4.438629784478552
347,success,145.32678680419923,4.341437237366283,2387.7222336685795,6.881043901062188,2168.40234375,6.248998108789626,4.455338981091951
348,success,145.5536911010742,5.259894972841568,2390.8703198625494,6.87031701109928,2172.80859375,6.243702855603448,4.46439234586165
349,success,146.00621337890624,5.535701459302716,2390.309233582388,6.849023591926613,2178.2734375,6.241471167621777,4.475620765465202
350,success,144.8674057006836,4.73347825454214,2416.002401003502,6.902864002867149,2183.97265625,6.239921875,4.487330747024589
351,success,146.97860412597657,5.193847814662859,2388.102690777734,6.803711369737134,2190.73095703125,6.241398737980769,4.501216786671907
352,success,147.189453125,5.29127291423544,2391.475696978543,6.793965048234497,2196.68408203125,6.240579778497869,4.513448460350115
353,success,147.74773864746095,4.957552583285204,2389.2074642325924,6.768293099809044,2201.61767578125,6.236877268502124,4.523585339520441
354,success,148.0724319458008,5.087011886086739,2390.721860566018,6.753451583519825,2209.18359375,6.240631620762712,4.53913076140724
355,success,148.55096130371095,5.954280856753564,2389.7522902878163,6.731696592360046,2214.65234375,6.238457306338028,4.55036720704339
356,success,147.36587829589843,3.851338647561055,2415.7559681840435,6.785831371303493,2220.60546875,6.237655811095506,4.562598880721598
357,success,149.69095458984376,5.046554911233308,2384.913644102192,6.680430375636392,2225.3671875,6.2335215336134455,4.572382614457646
358,success,150.04124908447267,5.407414421429729,2386.010528334427,6.664833878029126,2231.71533203125,6.233841709584497,4.585425920682251
359,success,150.11998291015624,5.234224117727046,2391.420469417814,6.661338354924273,2237.50048828125,6.232591889362813,4.597312474958779
360,success,150.2670440673828,5.393239909960519,2395.7348880741183,6.654819133539218,2243.90283203125,6.233063422309028,4.61046714238567
361,success,151.03247985839843,4.50103900185569,2390.214345539834,6.621092369916438,2250.62109375,6.234407461911357,4.624270915198866
362,success,151.40304870605468,5.75574998686844,2390.9690266727334,6.604886814013076,2255.68359375,6.231170148480663,4.634672653444902
363,success,152.32618560791016,5.264992411867594,2383.043982564937,6.564859456101755,2261.34375,6.229597107438017,4.646302374678317
364,success,157.3707763671875,11.426554765564438,2313.008859730679,6.354419944315052,2268.49658203125,6.232133467118818,4.660999043617956
365,success,175.6123031616211,8.938822424654324,2078.4420762597706,5.6943618527664945,2273.23095703125,6.228030019263699,4.6707265951258226
366,success,178.24837188720704,5.031379093970971,2053.3146873936075,5.610149419108217,2278.75439453125,6.226104903090847,4.682075405218334
367,success,178.6667465209961,6.122662148501745,2054.1035595388303,5.597012423811527,2284.71923828125,6.2253930198399186,4.694331156994334
368,success,179.61954498291016,5.917072364253415,2048.7748147620196,5.56732286620114,2292.55859375,6.229778787364131,4.71043840116294
369,success,179.4514587402344,6.332379658177365,2056.2663719226007,5.572537593286181,2298.08984375,6.227885755420054,4.721803263320646
370,success,180.1273422241211,6.134212983468895,2054.1023668668377,5.551628018559021,2302.64453125,6.223363597972973,4.731161617329039
371,success,181.64861297607422,5.785126719281299,2042.404805198629,5.505134245818407,2309.38720703125,6.224763361270216,4.745015552845968
372,success,180.5156509399414,6.174091245110221,2060.763141938128,5.539685865425074,2315.12158203125,6.223445112987231,4.75679776869873
373,success,181.37208404541016,5.126527654697637,2056.5458127867787,5.513527648221927,2321.13330078125,6.222877481987266,4.769149832865898
374,success,182.65452270507814,6.036387491507439,2047.5813818411523,5.474816528987038,2327.19140625,6.222436915106952,4.781597206170157
375,success,175.52237396240236,1.5792476905518584,2136.479763430767,5.697279369148712,2333.49609375,6.22265625,4.794551222782118
376,success,176.48883514404298,1.1821245943234653,2130.4463803227222,5.666080798730644,2338.80859375,6.220235621675532,4.805466627114377
377,success,176.0427444458008,1.9275986206602187,2141.5253504870743,5.6804385954564305,2344.8203125,6.219682526525199,4.817818691281546
378,success,177.3654815673828,1.4910431215793025,2131.192589784694,5.6380756343510425,2350.90283203125,6.219319661458333,4.830316227289538
379,success,177.6173538208008,1.7834995687760598,2133.8005090559755,5.630080498828431,2356.26220703125,6.2170506781827175,4.841327944012965
380,success,178.5290985107422,1.407437478539342,2128.5045584719355,5.601327785452462,2361.94970703125,6.215657123766447,4.8530138474745605
381,success,178.8462921142578,1.3834383495913127,2130.320933668528,5.591393526689051,2369.2421875,6.21848343175853,4.867997447079551
382,success,178.3328628540039,1.5729307835444402,2142.0617259575574,5.607491429208266,2374.93359375,6.21710364856021,4.879691376573744
383,success,180.63861846923828,1.0017142603265983,2120.255365356565,5.535914792053695,2379.99609375,6.214089017624021,4.890093114819781
384,success,181.35831756591796,0.9882371501320854,2117.355328136126,5.513946167021161,2385.55908203125,6.212393442789714,4.901523188492338
385,success,181.40874176025392,1.1301114236826113,2122.2792036604724,5.512413516001227,2392.88720703125,6.215291446834415,4.916580025644779
386,success,181.74669189453124,1.6772847734708254,2123.83508044261,5.502163420835777,2398.71533203125,6.214288424951425,4.9285548662798755
387,success,181.77852630615234,1.4788996776436598,2128.9643384401334,5.501199840930577,2403.35986328125,6.210232204861111,4.938097819038006
388,success,160.5147674560547,8.090743393134675,2417.2230764139854,6.229956382510272,2410.10546875,6.211612032860825,4.951957774079382
389,success,157.43563232421874,0.8405123978996017,2470.851066287864,6.35180222696109,2416.71484375,6.212634559768637,4.965537821233928
390,success,157.45701293945314,1.0221791243780374,2476.8664965717753,6.350939734799424,2422.24609375,6.210887419871795,4.976902683391635
391,success,157.19720458984375,0.9076456467825409,2487.321584503939,6.36143627750368,2427.09423828125,6.207402143941816,4.986863993098896
392,success,157.4750991821289,1.140302902470387,2489.2824455162254,6.350210320194453,2433.93408203125,6.2090155153858415,5.000917576176681
393,success,158.81984252929686,0.8015242482596355,2474.501886799849,6.296442460050507,2439.51220703125,6.2074101960082695,5.012378750725553
394,success,164.51846313476562,4.442874738018018,2394.8679831591553,6.078345134921714,2445.58251953125,6.2070622323128175,5.02485120538168
395,success,165.35449676513673,4.549094697486433,2388.8071248588,6.047612974326076,2451.5625,6.206487341772152,5.037138058033994
396,success,166.13523712158204,5.280582556771412,2383.6002937185267,6.019192660905371,2457.80859375,6.206587357954546,5.049971684156997
397,success,165.5185577392578,4.838872882836779,2398.5225911972725,6.041618617625372,2462.96484375,6.203941671914357,5.060566047185366
398,success,165.4188034057617,4.764785404107518,2406.0142608076517,6.04526196182827,2469.19189453125,6.203999735003141,5.073360546399457
399,success,165.89649963378906,5.117748591955391,2405.1140372508103,6.027854729951906,2475.44970703125,6.204134604088346,5.086218250620251
400,success,167.1256134033203,5.036111378137765,2393.4093156306894,5.983523289076723,2480.80908203125,6.202022705078125,5.0972299673436785
401,success,169.02154998779298,5.91863092483412,2372.4785391505457,5.9164053345400145,2487.3828125,6.202949657107232,5.110736776950776
402,success,169.1350891113281,6.092289845711769,2376.798345702207,5.912433695776634,2493.45703125,6.202629430970149,5.1232172576394985
403,success,169.12566986083985,5.770578485505153,2382.84348160511,5.912762981650396,2500.15234375,6.203851969602978,5.136973877511185
404,success,196.43975524902345,6.159324066269439,2056.610177954334,5.090619252362213,2504.30859375,6.19878364789604,5.145513576194658
405,success,196.9396011352539,6.603925502837184,2056.468062621162,5.077698920052252,2510.16455078125,6.197937162422839,5.157545602312011
406,success,197.65357666015626,6.560441534057476,2054.0989283390136,5.05935696635225,2517.27783203125,6.200191704510468,5.172161007671603
407,success,197.23348236083984,4.86320191224453,2063.5441565412866,5.070133062755004,2523.10595703125,6.199277535703317,5.1841358483067
408,success,197.30145111083985,5.481750851213072,2067.9016687555636,5.068386443028342,2528.83984375,6.198136871936274,5.195917060905388
409,success,198.61690826416014,5.250198015322377,2059.240593233033,5.034818076364384,2534.4765625,6.196764211491443,5.207498625943219
410,success,198.98896179199218,5.74367265921952,2060.415795468005,5.025404379190256,2540.87109375,6.197246570121951,5.220637241304917
411,success,199.50127105712892,7.179764820418575,2060.13725036522,5.012499392616108,2546.42236328125,6.195674849832725,5.232043236879684
412,success,199.823974609375,5.744089549749407,2061.814658653429,5.00440451129473,2551.69970703125,6.193445890852549,5.2428864069185686
413,success,200.5922607421875,6.66580559315261,2058.902963015163,4.98523719858393,2558.48095703125,6.194869145354116,5.256819599507394
414,success,201.71819000244142,5.874707181057138,2052.3682073242344,4.957411128802499,2563.90283203125,6.193002009737318,5.267959732752376
415,success,201.83746643066405,6.4440110280986875,2056.1098359930234,4.954481532513309,2570.828125,6.19476656626506,5.282188885293227
416,success,201.60272827148438,5.35999814280777,2063.464138440635,4.960250332789988,2576.93359375,6.194551908052885,5.294733574242728
417,success,202.27102966308593,5.3226285774721935,2061.5903359694107,4.943861716953023,2582.12109375,6.192136915467626,5.305392145531876
418,success,203.20636291503905,5.891944667166961,2057.0222014886735,4.921105745188214,2587.30126953125,6.1897159558163874,5.316035668009903
419,success,202.7606231689453,5.328767154583757,2066.476189762341,4.93192408057838,2593.64111328125,6.19007425604117,5.32906191891524
420,success,204.87682037353517,5.732937289458992,2050.0122914551694,4.880981646321832,2600.87158203125,6.192551385788691,5.343918105252749
421,success,204.68504028320314,6.227980763212946,2056.8186097894722,4.885554892611573,2605.35595703125,6.18849395969418,5.353131990674393
422,success,204.3503433227539,6.046499950736212,2065.080944510512,4.893556740546237,2611.75390625,6.188990299170616,5.366277628814613
423,success,205.92237548828126,6.017600024433273,2054.1721073146437,4.856198835259205,2617.671875,6.188349586288416,5.378437068199447
424,success,205.5009735107422,6.1012993589704285,2063.25056643995,4.866156996320637,2624.30859375,6.189407060731132,5.392073297582174
425,success,188.42657318115235,14.211948310391403,2255.5205076696225,5.3071070768697,2628.83642578125,6.18549747242647,5.401376472616461
426,success,177.6004196166992,3.9972310541754656,2398.6429813589502,5.630617327133686,2634.77001953125,6.18490614913439,5.413568016131683
427,success,176.96372985839844,3.5179832779052567,2412.9238253605627,5.650875469228484,2641.66845703125,6.186577182742974,5.4277419896984265
428,success,177.80592651367186,5.172537497718821,2407.118864888287,5.62410949740254,2648.43359375,6.187928957359813,5.441642074902789
429,success,177.74565582275392,3.451968531392696,2413.5610966930985,5.626016542408155,2653.2109375,6.18464087995338,5.451457912769225
430,success,178.73287811279297,4.067815274494771,2405.824851814001,5.5949415158465134,2658.84765625,6.18336664244186,5.463039477807056
431,success,179.55467224121094,5.017108853867985,2400.383095690216,5.569334328747601,2665.02734375,6.183358106148492,5.4757366613759055
432,success,179.92049255371094,5.67536481032266,2401.0605677451485,5.5580105734841405,2670.87158203125,6.18257310655382,5.487744609395467
433,success,180.57748260498047,5.095733268843692,2397.8626446310727,5.537789017623725,2677.27392578125,6.1830806600028865,5.500899276822359
434,success,180.76914978027344,5.09353376954671,2400.8521394692125,5.531917372048877,2683.02783203125,6.182091778873848,5.512721622838108
435,success,181.52527618408203,6.057467106969312,2396.3604911906214,5.508874692392233,2689.24609375,6.1821749281609195,5.525498063478855
436,success,180.90233459472657,5.340580101705795,2410.140261466309,5.527844636390617,2695.04296875,6.1812912127293576,5.537408695853173
437,success,181.8303436279297,5.205164048397317,2403.339240749669,5.499632129861943,2701.1484375,6.1811177059496565,5.549953384802675
438,success,182.30511932373048,4.556459867670145,2402.565553972274,5.485309483954963,2706.46533203125,6.179144593678653,5.560877818421607
439,success,183.15863342285155,5.044241019624627,2396.829413913004,5.459748095473813,2711.90673828125,6.177464096312642,5.572058081829575
440,success,183.3907913208008,5.203502225225238,2399.24805837344,5.452836496303273,2718.09033203125,6.17747802734375,5.584763291431023
441,success,211.56647338867188,5.551478276337237,2084.451250410704,4.7266468263281265,2725.26220703125,6.179732895762472,5.599499087279574
442,success,208.43765563964843,1.7877112994452873,2120.5381467355364,4.797597617048725,2730.68359375,6.1780171804298645,5.610638217270481
443,success,210.19410705566406,1.8680229830178217,2107.5757365675518,4.757507306021561,2736.125,6.176354401805869,5.62181848067845
444,success,209.32115173339844,2.0460423089609217,2121.1425425630177,4.777348068835625,2741.88671875,6.175420537725225,5.6336568787593935
445,success,210.1512008666992,1.7119210418455806,2117.522993752805,4.758478637646753,2748.57470703125,6.176572375351124,5.64739844981996
446,success,210.0165557861328,1.4182296079003966,2123.642102073978,4.761529376847484,2753.44189453125,6.17363653482343,5.657398886436133
447,success,209.89129180908202,1.6311698081471546,2129.6738713990717,4.764371076955418,2759.37548828125,6.173099526356264,5.669590429951356
448,success,210.33871459960938,1.8696924417977312,2129.897964113697,4.754236527039502,2767.05859375,6.176470075334821,5.685376632816071
449,success,210.85163421630858,2.346924865143159,2129.4594261450193,4.742671327717193,2772.58984375,6.175033059576838,5.696741494973778
450,success,210.60082550048827,2.1413468011509624,2136.7437612392296,4.74831946942051,2778.51953125,6.174487847222222,5.708925012456403
451,success,212.06782073974608,1.9908883679850866,2126.678146768322,4.7154726092424,2783.21875,6.171216740576496,5.718580329670894
452,success,213.1001205444336,2.482589921004112,2121.0687203987445,4.692629912386603,2789.49658203125,6.171452615113385,5.731479167308749
453,success,213.5300552368164,2.2112011879248272,2121.481210209956,4.683181479492176,2795.32080078125,6.170686094439845,5.743445981911249
454,success,213.53738098144532,2.37654751020751,2126.091450187117,4.683020815390126,2801.72314453125,6.171196353593062,5.756600649338141
455,success,213.14475860595704,2.102224406798107,2134.699454848727,4.691647153513685,2808.49609375,6.172518887362638,5.770516786607698
456,success,213.30991821289064,2.9294243735550114,2137.7346342840765,4.688014548868589,2813.55859375,6.170084635416667,5.780918524853734
457,success,215.0197723388672,2.1888703458684424,2125.385935577015,4.650735088789967,2819.2578125,6.1690542943107225,5.792628506413121
458,success,215.42532043457032,2.0475142177984322,2126.026778449682,4.641979865610659,2825.36328125,6.168915461244541,5.805173195362623
459,success,219.96481170654297,5.34312504868126,2086.6973969107203,4.546181692615948,2831.01220703125,6.167782586124727,5.816779841752321
460,success,223.72310791015624,5.560420156942021,2056.1130421303146,4.469810961152858,2836.51220703125,6.166330884850543,5.828080495649248
461,success,191.1085983276367,5.068051231588994,2412.24101915949,5.232626939608438,2842.53955078125,6.166029394319414,5.840464663946805
462,success,191.14618988037108,5.1067887324513865,2416.998216334539,5.231597870853981,2850.49609375,6.16990496482684,5.856812689093328
463,success,192.56778869628906,5.692072195471139,2404.3481162377934,5.192976492954197,2854.99609375,6.1662982586393085,5.86605867864536
464,success,192.53758850097657,5.16883404461364,2409.919037692978,5.193791029510728,2860.49609375,6.164862271012931,5.877359332542287
465,success,194.5841491699219,5.361474421507158,2389.7116079785906,5.139164748341055,2867.16845703125,6.165953671034946,5.891068799472465
466,success,193.33197326660155,5.092576539913048,2410.36178406659,5.172450180400408,2872.96533203125,6.1651616567194205,5.902979431846784
467,success,193.5271957397461,5.1277248202210135,2413.097540192842,5.1672324201131525,2878.95361328125,6.164782897818522,5.915283339818368
468,success,196.71173248291015,5.759348342754007,2379.115846791999,5.083580869213673,2883.98095703125,6.162352472288996,5.925612843771028
469,success,195.89078674316406,5.179270513295949,2394.1912113248814,5.104885311993351,2891.37109375,6.164970349147121,5.94079709419095
470,success,196.67609558105468,5.943272232183229,2389.715936811967,5.084501993216951,2896.74609375,6.163289561170213,5.951840915044766
471,success,196.12876739501954,5.023739063538234,2401.4835062485613,5.098691096069132,2902.734375,6.162917993630574,5.96414482301635
472,success,197.44470825195313,5.883895598417348,2390.542669787307,5.064709046159549,2908.68408203125,6.162466275489937,5.976369473916036
473,success,197.54879913330078,5.394318893666364,2394.345103970143,5.06204038894322,2914.04345703125,6.160768408099894,5.987381190639463
474,success,198.01050262451173,5.500817187080783,2393.812417611244,5.050237167956212,2919.77001953125,6.159852361880274,5.9991473544270315
475,success,210.0004684448242,15.816047271120718,2261.8997163085,4.761894139596842,2927.15625,6.162434210526316,6.014323578814356
476,success,232.3267593383789,7.5386733559105945,2048.8384607763423,4.304282480622568,2932.80859375,6.1613625919117645,6.025937247982576
477,success,232.2906051635742,6.700922739403404,2053.462298503663,4.3049524077644925,2937.87109375,6.159058896750524,6.036338986228612
478,success,231.4852081298828,6.148305974946961,2064.9267564940974,4.3199304529165214,2943.47265625,6.157892586297071,6.047848316973068
479,success,231.82825927734376,6.5357077315213425,2066.184689878366,4.313537974693875,2950.73095703125,6.160189889418058,6.062761688792833
480,success,231.88827667236328,7.433102135780149,2069.962340865535,4.312421543469865,2956.55908203125,6.159498087565104,6.07473652942793
481,success,232.7054656982422,6.1050616222230305,2066.9905563100547,4.297277663846267,2961.11767578125,6.156169804119023,6.08410290946892
482,success,233.95684356689452,7.008375496002108,2060.209022533608,4.274292577870556,2967.95703125,6.157587201763485,6.098155489292631
483,success,235.3363510131836,7.381095619824692,2052.381614317383,4.2492372967233605,2974.65234375,6.158700504658385,6.111912109164316
484,success,235.34393157958985,6.877612472489552,2056.564606325183,4.2491004262917,2980.18359375,6.157404119318182,6.1232769713220225
485,success,234.67123718261718,8.146165116191545,2066.7211108730007,4.261280640975259,2984.8671875,6.154365335051547,6.132900184406125
486,success,235.3621597290039,6.040401299685602,2064.902873765182,4.2487713451958475,2991.71533203125,6.155792864261831,6.146970822803179
487,success,236.14535217285157,6.6396515122215884,2062.2891601251167,4.234680000256914,2997.35595703125,6.154735024704825,6.158560413873607
488,success,237.60956573486328,7.40648990554923,2053.789368667653,4.208584771859945,3003.40283203125,6.154514000064037,6.170984712334151
489,success,236.0471969604492,5.102003676633266,2071.619601066198,4.236440901975865,3009.4140625,6.154220986707567,6.183335773247243
490,success,237.1759262084961,5.023766060268534,2065.9769641597263,4.216279518693319,3015.68359375,6.15445631377551,6.196217555565829
491,success,238.12689514160155,8.351711992151058,2061.9258471750036,4.199441643940944,3020.90234375,6.1525505982688395,6.206940335115755
492,success,238.03799743652343,7.334129231049718,2066.896904269242,4.201009968026915,3027.01220703125,6.15246383542937,6.219494053351928
493,success,239.57611999511718,4.911688335786849,2057.801086393952,4.174038714795035,3033.23095703125,6.1525982901242395,6.2322714972467494
494,success,207.1215377807617,5.481169778698397,2385.07306045062,4.828083118321093,3038.59033203125,6.150992574962045,6.243283213970177
495,success,206.79505310058593,6.384909734744254,2393.6742807828678,4.835705617743167,3044.21923828125,6.149937855113636,6.2548487269428135
496,success,207.5263687133789,5.359133786345178,2390.057721701096,4.818664761494145,3051.37109375,6.151957850302419,6.269543389374303
497,success,208.35514221191406,5.4916471417895885,2385.3502952881804,4.7994975760325564,3058.08984375,6.153098277162978,6.283348165441573
498,success,208.25692291259764,5.8765864260388,2391.2770487298676,4.801761142027846,3062.18359375,6.148963039658635,6.291759447603491
499,success,208.66692810058595,5.905547110421302,2391.3708058205643,4.792326264169468,3067.92236328125,6.1481410085796595,6.303550692742925
500,success,208.8242965698242,5.472890593021636,2394.3574009972344,4.788714801994469,3075.12158203125,6.1502431640625,6.318342670819657
501,success,208.7635986328125,4.989368045215033,2399.8436666211746,4.7901071190043405,3080.94970703125,6.14960021363523,6.330317511454754
502,success,205.5041763305664,5.795212553636103,2442.77274050383,4.866081156382132,3086.69140625,6.14878766185259,6.3421147761186365
503,success,202.0445983886719,1.3966771907808087,2489.549356980988,4.94940230016101,3092.328125,6.147769632206759,6.353696341156468
504,success,203.53904571533204,1.2986039461445487,2476.183369282816,4.913062240640508,3098.80859375,6.148429749503968,6.367011529235306
505,success,204.2570785522461,0.8948973853161059,2472.3745369286094,4.89579116223487,3104.33984375,6.147207611386139,6.378376391393011
506,success,203.8593551635742,1.0791114487788491,2482.1034069983784,4.905342701577823,3109.45751953125,6.145172963500494,6.3888914973494835
507,success,211.34898529052734,13.80563959124131,2398.875960076463,4.731510769381583,3116.26220703125,6.146473781126726,6.402872846133892
508,success,238.37199859619142,2.926421990004688,2131.1227954276865,4.1951236130466265,3121.74658203125,6.14517043706939,6.414141395900431
509,success,239.7109390258789,3.8518469194989593,2123.390789208201,4.171691137933598,3128.7421875,6.146841232809431,6.4285150170280305
510,success,239.98494567871094,2.7656701667867014,2125.1333018312826,4.166928042806436,3133.78515625,6.144676776960784,6.43887662511108
511,success,238.7280532836914,7.710770513578497,2140.510899206117,4.188866730344651,3139.99609375,6.144806445694717,6.451638016940707
512,success,241.86683197021483,3.609944350454768,2116.867351464922,4.134506545829926,3145.05908203125,6.142693519592285,6.462040758440818
