scheduling_decision,original_request_id,matched_replica_request_id
FIFO,0b6906bf-85a2-48d9-abaf-c99fee1d0f6f,0b6906bf-85a2-48d9-abaf-c99fee1d0f6f
FIFO,d280c004-8740-4d4c-a5e0-d436a3feb319,d280c004-8740-4d4c-a5e0-d436a3feb319
FIFO,0b684193-cf17-4257-b925-31db1a21d1ad,0b684193-cf17-4257-b925-31db1a21d1ad
FIFO,877f9b9e-f7c3-4fee-aec1-e405ff046514,877f9b9e-f7c3-4fee-aec1-e405ff046514
FIFO,200cc3a6-e090-44e5-b99f-31141743dbfb,200cc3a6-e090-44e5-b99f-31141743dbfb
FIFO,cebcca98-bdf1-4f09-943b-33e46a50a86f,cebcca98-bdf1-4f09-943b-33e46a50a86f
FIFO,13f80709-8b8e-4452-a337-6884e2a76025,13f80709-8b8e-4452-a337-6884e2a76025
FIFO,1c9267ef-dc64-4605-b017-ad9ecbba0bce,1c9267ef-dc64-4605-b017-ad9ecbba0bce
FIFO,8b8c0697-5ce4-4b45-be42-8f69173fb69c,8b8c0697-5ce4-4b45-be42-8f69173fb69c
FIFO,b630cc2b-5b8d-41a6-8567-d80d7af2743f,b630cc2b-5b8d-41a6-8567-d80d7af2743f
FIFO,43b72dfa-4d0c-416a-81d8-3f97ee532cdd,43b72dfa-4d0c-416a-81d8-3f97ee532cdd
FIFO,429bbf03-9b08-4c1b-8de5-effae130b78a,429bbf03-9b08-4c1b-8de5-effae130b78a
FIFO,46c0f90d-1172-49d7-bce5-6b482802840a,46c0f90d-1172-49d7-bce5-6b482802840a
FIFO,bfc20671-f869-4bcc-bb6b-72ebd237dd4c,bfc20671-f869-4bcc-bb6b-72ebd237dd4c
FIFO,479ed54e-f7a0-413e-8520-bf74092e564f,479ed54e-f7a0-413e-8520-bf74092e564f
FIFO,ebb37138-51ac-4007-8e8c-ff72b378e463,ebb37138-51ac-4007-8e8c-ff72b378e463
FIFO,6b380feb-6395-4138-8ff1-9c6d7b28e131,6b380feb-6395-4138-8ff1-9c6d7b28e131
FIFO,34784667-42e8-49e5-a60e-efda92b96576,34784667-42e8-49e5-a60e-efda92b96576
FIFO,3484da1d-144a-4399-bf4a-d115ed64186b,08daf1b5-dd33-4229-935a-cf3bbbfa6ef5
FIFO,08daf1b5-dd33-4229-935a-cf3bbbfa6ef5,3484da1d-144a-4399-bf4a-d115ed64186b
FIFO,1ece76d0-1c78-4220-bf76-e695c0d8f731,1ece76d0-1c78-4220-bf76-e695c0d8f731
FIFO,b8804932-ed5a-4070-b59b-65a71661ec70,b8804932-ed5a-4070-b59b-65a71661ec70
FIFO,914bc9b9-19bb-4c1e-a0d0-b571247a6aa4,914bc9b9-19bb-4c1e-a0d0-b571247a6aa4
FIFO,a7812f4b-a2a0-430a-822a-5ac4932f8727,afb2e24a-f193-4de6-b672-d35167c69d59
FIFO,afb2e24a-f193-4de6-b672-d35167c69d59,0bd656db-6623-4f72-a9a1-b02bd1f715a7
FIFO,0bd656db-6623-4f72-a9a1-b02bd1f715a7,a7812f4b-a2a0-430a-822a-5ac4932f8727
FIFO,0ddef5ae-90b0-4e41-848e-b7ecafe18aed,14aacaaf-3048-4f6c-9357-008dc6b00362
FIFO,14aacaaf-3048-4f6c-9357-008dc6b00362,0ddef5ae-90b0-4e41-848e-b7ecafe18aed
FIFO,04481ff0-d13a-487a-9d3c-b2800a524eaa,04481ff0-d13a-487a-9d3c-b2800a524eaa
FIFO,befee633-b63a-427f-b882-07622617602f,befee633-b63a-427f-b882-07622617602f
FIFO,329d3740-70f9-4880-b2bc-5c874c3d4ff5,329d3740-70f9-4880-b2bc-5c874c3d4ff5
FIFO,9a8da74b-ed43-4517-8b59-9be0ade4dabe,9a8da74b-ed43-4517-8b59-9be0ade4dabe
FIFO,2408ac34-4b2c-4da8-936f-75d541eeb15d,2408ac34-4b2c-4da8-936f-75d541eeb15d
FIFO,c2bd68de-491a-4579-9ae8-358aa3723c52,c2bd68de-491a-4579-9ae8-358aa3723c52
FIFO,28dd8187-a673-4dfb-8d1e-af5cda0c5563,fa08f5f5-0d0a-44b4-b0b5-e7bf44e5e1ab
FIFO,dca5135f-2bfe-4557-ba51-0bb5b9a8c6db,28dd8187-a673-4dfb-8d1e-af5cda0c5563
FIFO,fa08f5f5-0d0a-44b4-b0b5-e7bf44e5e1ab,125a2cee-e4b6-4a75-bfd1-d0b6d035ed89
FIFO,125a2cee-e4b6-4a75-bfd1-d0b6d035ed89,dca5135f-2bfe-4557-ba51-0bb5b9a8c6db
FIFO,a16b103a-1959-40a1-875d-06760149fef1,a16b103a-1959-40a1-875d-06760149fef1
FIFO,a76741e7-f74e-416f-986c-edefa6e1f4fc,a76741e7-f74e-416f-986c-edefa6e1f4fc
FIFO,e1ed019e-c0bf-40d1-8ed3-83a06048c7be,e1ed019e-c0bf-40d1-8ed3-83a06048c7be
FIFO,202fb88a-3bc2-4579-acc9-1acce1d709cb,202fb88a-3bc2-4579-acc9-1acce1d709cb
FIFO,e85d0d35-1d51-4aed-bf35-2144b1b181f4,e85d0d35-1d51-4aed-bf35-2144b1b181f4
FIFO,c2a4e8f7-4f89-4b45-aa72-e83e978411c4,c2a4e8f7-4f89-4b45-aa72-e83e978411c4
FIFO,0a7f6099-5b3b-4d9d-85aa-c5fcb6aa6e2c,0a7f6099-5b3b-4d9d-85aa-c5fcb6aa6e2c
FIFO,253d9fe0-5b48-4437-b128-22fc2aa89a7d,253d9fe0-5b48-4437-b128-22fc2aa89a7d
FIFO,ba15d947-2f95-4015-8b2b-961184de65be,ba15d947-2f95-4015-8b2b-961184de65be
FIFO,75b3baa4-3019-4f37-9d67-b61e15c470fd,75b3baa4-3019-4f37-9d67-b61e15c470fd
FIFO,b2314e22-3620-4c0a-bbb8-b84684c754db,b2314e22-3620-4c0a-bbb8-b84684c754db
FIFO,a256c513-12d9-407b-a346-ae9c543b29af,a256c513-12d9-407b-a346-ae9c543b29af
FIFO,157af06f-2217-450e-8bf8-ac83c283dfc5,157af06f-2217-450e-8bf8-ac83c283dfc5
FIFO,1eac1dca-5648-4914-b696-8946614b8145,1eac1dca-5648-4914-b696-8946614b8145
FIFO,4c3a36bc-4eba-4aa8-a88e-cf55d092a6ab,4c3a36bc-4eba-4aa8-a88e-cf55d092a6ab
FIFO,196deba5-36b1-4d3f-9873-e8b7876c89c7,196deba5-36b1-4d3f-9873-e8b7876c89c7
FIFO,76984b80-d481-4f2c-b9de-f55c192f92d4,76984b80-d481-4f2c-b9de-f55c192f92d4
FIFO,82289c96-422d-43e5-9cc5-5ed5fd3d67dd,82289c96-422d-43e5-9cc5-5ed5fd3d67dd
FIFO,752d5470-7c98-453c-b4eb-1fdd5b57aaa9,752d5470-7c98-453c-b4eb-1fdd5b57aaa9
FIFO,4646d424-fe87-49a1-b209-b168ac78b496,4646d424-fe87-49a1-b209-b168ac78b496
FIFO,0649c050-5e4b-4484-8e7c-82972bd3900a,0649c050-5e4b-4484-8e7c-82972bd3900a
FIFO,af69753c-5b21-4e76-8307-b409d11f198f,af69753c-5b21-4e76-8307-b409d11f198f
FIFO,29974041-d66d-4fe7-b5e9-c0374e77c921,29974041-d66d-4fe7-b5e9-c0374e77c921
FIFO,b072394d-692e-4ffd-8b7e-abf2b80965b3,b072394d-692e-4ffd-8b7e-abf2b80965b3
FIFO,730f47e3-5304-4857-ba99-ffd6b15506db,730f47e3-5304-4857-ba99-ffd6b15506db
FIFO,a84f79c5-0efd-4160-8a0c-5c2acb6126b4,a84f79c5-0efd-4160-8a0c-5c2acb6126b4
FIFO,4387d03f-84a6-460d-9796-60f9bf746f4d,4387d03f-84a6-460d-9796-60f9bf746f4d
FIFO,8228ac72-773f-4c75-b267-ac64e44e3bb9,8228ac72-773f-4c75-b267-ac64e44e3bb9
FIFO,3594aece-34fe-4456-9c56-cecbcff700f6,3594aece-34fe-4456-9c56-cecbcff700f6
FIFO,0be56980-2fbc-4eb5-8f1d-5bbd546b5c84,0be56980-2fbc-4eb5-8f1d-5bbd546b5c84
FIFO,32a43d63-379b-4a04-8827-62a12110807e,32a43d63-379b-4a04-8827-62a12110807e
FIFO,42a61d6d-02c1-4f01-8036-2fcb51345ba9,42a61d6d-02c1-4f01-8036-2fcb51345ba9
FIFO,89113db4-db09-450f-a8f4-fe5d5a2e7058,89113db4-db09-450f-a8f4-fe5d5a2e7058
FIFO,ce562bea-8d9d-4c71-8e57-3cba8a4af2d2,ce562bea-8d9d-4c71-8e57-3cba8a4af2d2
FIFO,527f6ce7-a45c-4a71-9a31-04ef3a137189,527f6ce7-a45c-4a71-9a31-04ef3a137189
FIFO,5034ed04-0b02-4cc1-a478-3cd50fe55052,5034ed04-0b02-4cc1-a478-3cd50fe55052
FIFO,b2663324-6519-4efb-8ae9-4f65b512dce6,b2663324-6519-4efb-8ae9-4f65b512dce6
FIFO,5a4c02f8-9934-4103-8485-ff6d1206b066,5a4c02f8-9934-4103-8485-ff6d1206b066
FIFO,468bf5d1-fb50-4bf6-8988-d5db656dbc1a,468bf5d1-fb50-4bf6-8988-d5db656dbc1a
FIFO,72505ca5-89e1-43d2-ac7a-f7a1b170bd66,72505ca5-89e1-43d2-ac7a-f7a1b170bd66
FIFO,f56c5c9a-95b3-40ff-a058-1fc5132f4a48,f56c5c9a-95b3-40ff-a058-1fc5132f4a48
FIFO,fec1a98d-061c-431e-a5b9-b3bc3f845f9b,fec1a98d-061c-431e-a5b9-b3bc3f845f9b
FIFO,47532edf-5a8a-4315-9763-cf6524e782d3,47532edf-5a8a-4315-9763-cf6524e782d3
FIFO,b7d8f5f3-228a-4ecb-98ac-a92c254fc865,b7d8f5f3-228a-4ecb-98ac-a92c254fc865
FIFO,88387c0a-6411-4374-b076-023699f4c07c,88387c0a-6411-4374-b076-023699f4c07c
FIFO,50d2e87a-65e7-4b19-b9e4-f2d8b33b3172,50d2e87a-65e7-4b19-b9e4-f2d8b33b3172
FIFO,4e2752d1-2ff2-4062-810c-47f0b75d9531,4e2752d1-2ff2-4062-810c-47f0b75d9531
FIFO,534199fc-bf88-45aa-a4f2-80af4d8a20bd,534199fc-bf88-45aa-a4f2-80af4d8a20bd
FIFO,09e3d724-f811-419b-baf1-e625f19c55ed,09e3d724-f811-419b-baf1-e625f19c55ed
FIFO,6d3386a3-0b01-4dea-b6f0-1fa014b00757,6d3386a3-0b01-4dea-b6f0-1fa014b00757
FIFO,818d156e-0da5-4557-bdec-d5a7d004e247,818d156e-0da5-4557-bdec-d5a7d004e247
FIFO,c44b209a-661b-4a9a-a48b-a8d35913895c,c44b209a-661b-4a9a-a48b-a8d35913895c
FIFO,85b677e0-54b5-4ec3-b645-e2c024ad52c8,85b677e0-54b5-4ec3-b645-e2c024ad52c8
FIFO,42efb0b4-f452-4a8e-a6e9-94683f3f14bd,42efb0b4-f452-4a8e-a6e9-94683f3f14bd
FIFO,17a3948b-036f-4988-b20e-30ba030b5cae,17a3948b-036f-4988-b20e-30ba030b5cae
FIFO,3827bd88-89a3-4542-8605-951b908508cd,3827bd88-89a3-4542-8605-951b908508cd
FIFO,cad4ef63-fb09-4023-a53b-06b5ee95fbae,cad4ef63-fb09-4023-a53b-06b5ee95fbae
FIFO,dacd67e3-8e26-47a2-9db6-da33a07bd838,dacd67e3-8e26-47a2-9db6-da33a07bd838
FIFO,49c0d4d8-d2ce-4379-9972-38b03ec841d6,49c0d4d8-d2ce-4379-9972-38b03ec841d6
FIFO,fb9bd989-cb0b-4267-912d-9977dbdf1c83,fb9bd989-cb0b-4267-912d-9977dbdf1c83
FIFO,36d6c0df-4465-4500-9a61-cf6494a06800,36d6c0df-4465-4500-9a61-cf6494a06800
FIFO,a844694b-92e4-4764-b21d-946232a2e045,a844694b-92e4-4764-b21d-946232a2e045
FIFO,7bb660a6-961a-4df0-a30a-a57a276b6aab,7bb660a6-961a-4df0-a30a-a57a276b6aab
FIFO,3a65cea3-9290-402e-b9a0-515cfbba8136,3a65cea3-9290-402e-b9a0-515cfbba8136
FIFO,c4059678-9975-4aeb-bb60-59271553bc1c,c4059678-9975-4aeb-bb60-59271553bc1c
FIFO,05b38fad-275e-4196-8ffc-69544d18080d,05b38fad-275e-4196-8ffc-69544d18080d
FIFO,9e947469-8963-4efb-a67e-fc3194dabfcf,9e947469-8963-4efb-a67e-fc3194dabfcf
FIFO,e3275332-4698-4fb2-a15a-fde0aaec954d,e3275332-4698-4fb2-a15a-fde0aaec954d
FIFO,83cd128e-f014-4eed-b88b-98ae639882f8,83cd128e-f014-4eed-b88b-98ae639882f8
FIFO,86a9b203-f212-4f57-a6af-0bf8d4352c1d,86a9b203-f212-4f57-a6af-0bf8d4352c1d
FIFO,8b1579fd-ccd3-4fa6-9ad4-5e99ed7786aa,8b1579fd-ccd3-4fa6-9ad4-5e99ed7786aa
FIFO,76fbce81-e420-47c3-aa81-7a632cad0e13,76fbce81-e420-47c3-aa81-7a632cad0e13
FIFO,ea9726a4-c1c5-4962-bcfd-ff9bca9bb274,ea9726a4-c1c5-4962-bcfd-ff9bca9bb274
FIFO,e733a71d-67ae-450c-bf00-b302b620631e,e733a71d-67ae-450c-bf00-b302b620631e
FIFO,d98fb68e-2f55-43d8-849d-353c57458146,d98fb68e-2f55-43d8-849d-353c57458146
FIFO,674e0fe3-aa13-4be0-a86a-f29f90892e1c,674e0fe3-aa13-4be0-a86a-f29f90892e1c
FIFO,e28d8d94-ae26-41ca-8ab9-4c334309c8e3,e28d8d94-ae26-41ca-8ab9-4c334309c8e3
FIFO,a2744032-a308-4708-8488-2fd0b4855f5b,a2744032-a308-4708-8488-2fd0b4855f5b
FIFO,e2e6caaf-8f4e-4fb7-8826-9304b86608fe,e2e6caaf-8f4e-4fb7-8826-9304b86608fe
FIFO,65e4b396-3f60-4d9e-ad5b-4fad902d8a38,65e4b396-3f60-4d9e-ad5b-4fad902d8a38
FIFO,67ea331a-6968-42eb-acef-acce9ebf8960,67ea331a-6968-42eb-acef-acce9ebf8960
FIFO,3cdb56d8-e977-4fb9-ae5e-659f1b3ccefd,3cdb56d8-e977-4fb9-ae5e-659f1b3ccefd
FIFO,25d91c8e-f73d-49c8-b3cc-20126fda504a,25d91c8e-f73d-49c8-b3cc-20126fda504a
FIFO,cd659b4c-644a-4cfe-95b7-0892402a664b,cd659b4c-644a-4cfe-95b7-0892402a664b
FIFO,dcad568b-e17f-4dbf-967a-f9e932dac41b,dcad568b-e17f-4dbf-967a-f9e932dac41b
FIFO,cac553fd-38ff-41a9-bb9e-ddee85571803,cac553fd-38ff-41a9-bb9e-ddee85571803
FIFO,1ef296a2-2a94-43be-a0f8-463d0378893e,1ef296a2-2a94-43be-a0f8-463d0378893e
FIFO,92621688-2176-46d0-8766-7c5abb47e8fd,92621688-2176-46d0-8766-7c5abb47e8fd
FIFO,12a4c41a-60d2-4418-801e-243206f40f70,12a4c41a-60d2-4418-801e-243206f40f70
FIFO,1064b38e-e1a0-443b-b580-a69ca26c9e21,1064b38e-e1a0-443b-b580-a69ca26c9e21
FIFO,df22e8c6-14ec-449f-8690-5f92468a1951,df22e8c6-14ec-449f-8690-5f92468a1951
FIFO,11ca1020-f92a-4e2c-81a3-e0099588e75d,11ca1020-f92a-4e2c-81a3-e0099588e75d
FIFO,9f819a5d-ead9-4663-aebc-5a864d795280,9f819a5d-ead9-4663-aebc-5a864d795280
FIFO,1a1299c4-146c-496c-b693-305505ec38ab,1a1299c4-146c-496c-b693-305505ec38ab
FIFO,d48f86e4-1534-4607-a618-1dadaea79b1d,d48f86e4-1534-4607-a618-1dadaea79b1d
FIFO,17ff7a63-1ad5-4a1a-874e-f88254e0745f,17ff7a63-1ad5-4a1a-874e-f88254e0745f
FIFO,a78b9cc3-18e1-4a87-acca-a89bf3acb88b,a78b9cc3-18e1-4a87-acca-a89bf3acb88b
FIFO,febf602b-5750-4852-b1b2-d60ea077ea39,febf602b-5750-4852-b1b2-d60ea077ea39
FIFO,0570581b-ea90-4c2e-9ec4-20731657a106,0570581b-ea90-4c2e-9ec4-20731657a106
FIFO,3b777ba5-4354-4fde-b66d-15ebd019e0af,3b777ba5-4354-4fde-b66d-15ebd019e0af
FIFO,8ecb0f8f-004e-4f58-8a2b-3590379a9d5c,8ecb0f8f-004e-4f58-8a2b-3590379a9d5c
FIFO,1acdce43-b2ae-4914-8da5-bb93d308d7eb,1acdce43-b2ae-4914-8da5-bb93d308d7eb
FIFO,02b1195a-5b86-415d-867f-ff9d849e88e2,02b1195a-5b86-415d-867f-ff9d849e88e2
FIFO,9ce8d11a-786f-4c08-94fa-4035fed1bfb4,9ce8d11a-786f-4c08-94fa-4035fed1bfb4
FIFO,96db0643-6b64-4dfc-9694-fd444393ea73,96db0643-6b64-4dfc-9694-fd444393ea73
FIFO,e5a26ccd-1e7e-4935-b68a-d8a4603bd045,e5a26ccd-1e7e-4935-b68a-d8a4603bd045
FIFO,eed3fef6-2aaa-4ad4-83c9-40fd92aa6365,eed3fef6-2aaa-4ad4-83c9-40fd92aa6365
FIFO,cb1f4a18-0064-472f-996f-48e7251a818a,cb1f4a18-0064-472f-996f-48e7251a818a
FIFO,de21ad57-bf48-46b5-a342-98ca21d2f5a7,de21ad57-bf48-46b5-a342-98ca21d2f5a7
FIFO,5c3ad667-95e9-43ba-ad60-715026b3ec59,5c3ad667-95e9-43ba-ad60-715026b3ec59
FIFO,dd970347-565e-4a82-b0f8-9d1d199a9364,dd970347-565e-4a82-b0f8-9d1d199a9364
FIFO,3963c507-e355-4129-98ba-42d04b838d16,3963c507-e355-4129-98ba-42d04b838d16
FIFO,ef5cda48-5086-4d1a-b814-4454c238bf53,ef5cda48-5086-4d1a-b814-4454c238bf53
FIFO,e6a8bc66-af4c-4029-89d5-1bcecaf9e7d3,e6a8bc66-af4c-4029-89d5-1bcecaf9e7d3
FIFO,0e06ae21-a203-4d87-b42f-a5bbecf010d9,0e06ae21-a203-4d87-b42f-a5bbecf010d9
FIFO,9ccf422c-de63-47e9-83eb-457645d65725,9ccf422c-de63-47e9-83eb-457645d65725
FIFO,6169acbe-413f-45d0-a90c-277631f9724f,6169acbe-413f-45d0-a90c-277631f9724f
FIFO,6c082edf-1645-499b-bccc-28887eeb245d,6c082edf-1645-499b-bccc-28887eeb245d
FIFO,d2a1abb3-d016-43a1-81b0-fac3e7d77a43,d2a1abb3-d016-43a1-81b0-fac3e7d77a43
FIFO,60e3ba4b-3024-44b9-aab0-4a712597b7f5,60e3ba4b-3024-44b9-aab0-4a712597b7f5
FIFO,cb4eb21b-1f2f-4f0d-bced-4b4c4138d497,cb4eb21b-1f2f-4f0d-bced-4b4c4138d497
FIFO,12bcb566-9cee-460a-aa60-f5dcf5d61d44,12bcb566-9cee-460a-aa60-f5dcf5d61d44
FIFO,d2828a5f-f2a1-4531-be6c-1a1106aa7b24,d2828a5f-f2a1-4531-be6c-1a1106aa7b24
FIFO,025eabd9-edcf-4103-b29f-6056e28c9756,025eabd9-edcf-4103-b29f-6056e28c9756
FIFO,6196cf7f-22be-4625-9c21-7353e5b0e7dc,6196cf7f-22be-4625-9c21-7353e5b0e7dc
FIFO,362d7142-b767-4290-9ace-d990482edea6,362d7142-b767-4290-9ace-d990482edea6
FIFO,03102687-c580-4af0-9834-713904bbcbb0,03102687-c580-4af0-9834-713904bbcbb0
FIFO,20a94d9e-d089-469c-adb2-f8a889e3ee4c,20a94d9e-d089-469c-adb2-f8a889e3ee4c
FIFO,f3e86bad-6c4a-419e-bfcd-b595a0ecb996,f3e86bad-6c4a-419e-bfcd-b595a0ecb996
FIFO,4aa2964e-dc36-4e1c-a339-5328e77e9de2,4aa2964e-dc36-4e1c-a339-5328e77e9de2
FIFO,b926a8b9-d84b-4e7b-9d42-775e56d3d82c,b926a8b9-d84b-4e7b-9d42-775e56d3d82c
FIFO,bcc361db-603b-430b-8c21-632bf91e484d,bcc361db-603b-430b-8c21-632bf91e484d
FIFO,c42122e9-ebee-42a9-a317-f834d258efd5,c42122e9-ebee-42a9-a317-f834d258efd5
FIFO,4ca611cc-7726-4b3c-b9bc-12f77c5458fc,4ca611cc-7726-4b3c-b9bc-12f77c5458fc
FIFO,60a0283b-fecd-4347-9e25-068216aef392,60a0283b-fecd-4347-9e25-068216aef392
FIFO,9e70840c-b6a1-44d6-889a-3cc285743096,9e70840c-b6a1-44d6-889a-3cc285743096
FIFO,c6a202ca-2b20-4499-8793-2ca74b437d89,c6a202ca-2b20-4499-8793-2ca74b437d89
FIFO,c6755ea2-cef6-46fe-af89-2204456abce4,c6755ea2-cef6-46fe-af89-2204456abce4
FIFO,21de93e7-427a-4020-a09a-9741a3cee02f,21de93e7-427a-4020-a09a-9741a3cee02f
FIFO,a04c49d2-d86c-4f6b-9dd8-df3e934730ed,a04c49d2-d86c-4f6b-9dd8-df3e934730ed
FIFO,ecca8e9d-9546-492d-8c58-7f737ed48f07,ecca8e9d-9546-492d-8c58-7f737ed48f07
FIFO,9466c4d8-8a47-4171-9e71-949c5fefa137,9466c4d8-8a47-4171-9e71-949c5fefa137
FIFO,0e2242fb-95b7-438c-a3a5-346048172d08,0e2242fb-95b7-438c-a3a5-346048172d08
FIFO,d0fd2e30-5c8f-41ee-b9c1-b43cda91b651,d0fd2e30-5c8f-41ee-b9c1-b43cda91b651
FIFO,0e1e02c1-1aef-46f5-9c0e-7ef0a394dcce,0e1e02c1-1aef-46f5-9c0e-7ef0a394dcce
FIFO,64f32654-d2a3-475e-9e34-c433c67491fe,64f32654-d2a3-475e-9e34-c433c67491fe
FIFO,36701b11-e8f2-49f1-a9b9-e790f1e49a1b,36701b11-e8f2-49f1-a9b9-e790f1e49a1b
FIFO,97c0dcc8-7daf-4c53-a5bf-e54c8025479e,97c0dcc8-7daf-4c53-a5bf-e54c8025479e
FIFO,4ceff01e-be0b-4d3f-8c56-a8d370aca8ba,4ceff01e-be0b-4d3f-8c56-a8d370aca8ba
FIFO,14bee0aa-1e79-445f-a642-3b8e54566a19,14bee0aa-1e79-445f-a642-3b8e54566a19
FIFO,8da055ba-f722-489f-a385-8b6cb16b2d6b,8da055ba-f722-489f-a385-8b6cb16b2d6b
FIFO,0dcef610-312a-49b1-825e-8106541f0750,0dcef610-312a-49b1-825e-8106541f0750
FIFO,9286bdc9-7718-408b-9369-129424a9a54c,9286bdc9-7718-408b-9369-129424a9a54c
FIFO,ad2e197b-349f-43ef-a329-2eecd15c9365,ad2e197b-349f-43ef-a329-2eecd15c9365
FIFO,9b1fbac4-fbc1-4fe8-98c2-77e40130c432,9b1fbac4-fbc1-4fe8-98c2-77e40130c432
FIFO,e64a66b0-07b5-40d7-b811-5f16a25d9c71,e64a66b0-07b5-40d7-b811-5f16a25d9c71
FIFO,f5780d7f-d81b-4542-a879-199ae06f49b9,f5780d7f-d81b-4542-a879-199ae06f49b9
FIFO,0f00545f-effb-4193-83b6-df79ae9ad7c6,0f00545f-effb-4193-83b6-df79ae9ad7c6
FIFO,60b98c76-5445-4e85-8855-4abcd0ee1afe,60b98c76-5445-4e85-8855-4abcd0ee1afe
FIFO,1ce76fd0-d95e-4393-9338-9f6e40899d7b,1ce76fd0-d95e-4393-9338-9f6e40899d7b
FIFO,347c1b55-7e3b-4e8e-97a7-f6c976a880de,347c1b55-7e3b-4e8e-97a7-f6c976a880de
FIFO,e80a137d-19a0-4afb-8c19-a798f467b651,e80a137d-19a0-4afb-8c19-a798f467b651
FIFO,aa07f700-e54c-4963-be6c-5a4df5d322d9,aa07f700-e54c-4963-be6c-5a4df5d322d9
FIFO,d83919c1-c282-4eae-8a75-94338f40ea27,d83919c1-c282-4eae-8a75-94338f40ea27
FIFO,95349794-9532-4b69-8b97-218f2e266269,95349794-9532-4b69-8b97-218f2e266269
FIFO,590848ce-bdfc-42b8-9902-c2afe3956a7c,590848ce-bdfc-42b8-9902-c2afe3956a7c
FIFO,36b81742-afe5-4296-b4e9-d8220ed00d8e,36b81742-afe5-4296-b4e9-d8220ed00d8e
FIFO,ab101c03-4d2b-4afb-bc50-b42947a698b7,ab101c03-4d2b-4afb-bc50-b42947a698b7
FIFO,0fda41d2-1b76-40a4-8f79-a852999c43f4,0fda41d2-1b76-40a4-8f79-a852999c43f4
FIFO,38597258-7918-44d6-ac55-d2c47960cbe7,38597258-7918-44d6-ac55-d2c47960cbe7
FIFO,defa4171-8d72-4e9f-a276-6288beda6850,defa4171-8d72-4e9f-a276-6288beda6850
FIFO,06ad64eb-ce58-4fcb-b570-420660cb7c0b,06ad64eb-ce58-4fcb-b570-420660cb7c0b
FIFO,751e22b9-23ab-4c32-a7d9-362b2abba4db,751e22b9-23ab-4c32-a7d9-362b2abba4db
FIFO,fe44bc31-27d9-47f9-a7a6-72661cb66eb7,fe44bc31-27d9-47f9-a7a6-72661cb66eb7
FIFO,b691e011-4b78-41e7-a387-5dc030e11be4,b691e011-4b78-41e7-a387-5dc030e11be4
FIFO,8951d813-583e-44bf-9217-8b4f1f37d39f,8951d813-583e-44bf-9217-8b4f1f37d39f
FIFO,f2293d8b-c310-4530-8997-20f50381bd3d,f2293d8b-c310-4530-8997-20f50381bd3d
FIFO,665c276b-f6b8-4fbf-8f3c-c65642fb18f2,665c276b-f6b8-4fbf-8f3c-c65642fb18f2
FIFO,4ab7dc3a-d8f0-4aa6-9c5f-c93aa7ed3396,4ab7dc3a-d8f0-4aa6-9c5f-c93aa7ed3396
FIFO,7ecd7c05-2565-4785-88a0-c7c112ad4ba8,7ecd7c05-2565-4785-88a0-c7c112ad4ba8
FIFO,70b93466-f42d-4aed-8789-542e1ddb2816,70b93466-f42d-4aed-8789-542e1ddb2816
FIFO,79d2466c-791a-4a42-8743-6be82d01fab6,79d2466c-791a-4a42-8743-6be82d01fab6
FIFO,f235a4ee-ddd4-482a-86c9-25f3988c8769,f235a4ee-ddd4-482a-86c9-25f3988c8769
FIFO,cd90e5c8-772a-4e7a-bd4b-fe306903ee38,cd90e5c8-772a-4e7a-bd4b-fe306903ee38
FIFO,1ab3a785-d653-47a2-870d-91b39384620d,1ab3a785-d653-47a2-870d-91b39384620d
FIFO,49bdac74-f708-427c-bb3b-1a799867ad69,49bdac74-f708-427c-bb3b-1a799867ad69
FIFO,fee227b6-29c0-4cff-8c9f-a4a34f81b048,fee227b6-29c0-4cff-8c9f-a4a34f81b048
FIFO,605a7a27-4504-4671-8851-a973f11eb11e,605a7a27-4504-4671-8851-a973f11eb11e
FIFO,11c31d25-9aa9-4415-8f15-9f22ff0de236,11c31d25-9aa9-4415-8f15-9f22ff0de236
FIFO,5fb75f40-8e57-4ec8-9323-b707528dec85,5fb75f40-8e57-4ec8-9323-b707528dec85
FIFO,84e12583-66eb-4f73-8a22-a45016bdc77e,84e12583-66eb-4f73-8a22-a45016bdc77e
FIFO,0b97c382-82df-4580-b95f-5a2beb7e95b4,0b97c382-82df-4580-b95f-5a2beb7e95b4
FIFO,f0cf7b08-a713-4cc0-9cfe-a7135a674cde,f0cf7b08-a713-4cc0-9cfe-a7135a674cde
FIFO,39c85c20-9bba-43c5-85c9-c7d16d456eb5,39c85c20-9bba-43c5-85c9-c7d16d456eb5
FIFO,cf4a17e8-0b6d-4902-a6ff-b1d917226dde,cf4a17e8-0b6d-4902-a6ff-b1d917226dde
FIFO,b6d3917b-2774-47cc-b2d9-4cf48791abf6,b6d3917b-2774-47cc-b2d9-4cf48791abf6
FIFO,482b9e5f-8af9-48c9-be20-18f676c323aa,482b9e5f-8af9-48c9-be20-18f676c323aa
FIFO,d3dbf5cc-7ada-4fb1-bcdb-70905d852a7d,d3dbf5cc-7ada-4fb1-bcdb-70905d852a7d
FIFO,af1e3e39-6a3f-4df3-8ecf-c5246a1ebaef,af1e3e39-6a3f-4df3-8ecf-c5246a1ebaef
FIFO,ce57b443-1a40-4fb0-94a1-94b6baba2b2a,ce57b443-1a40-4fb0-94a1-94b6baba2b2a
FIFO,fd01e150-100f-4247-a7d5-0d5494d5004a,fd01e150-100f-4247-a7d5-0d5494d5004a
FIFO,1c3f7684-625e-4263-8cda-73172f2c4230,1c3f7684-625e-4263-8cda-73172f2c4230
FIFO,6f8bd5b9-4e74-4cb9-9654-70e1855bb698,6f8bd5b9-4e74-4cb9-9654-70e1855bb698
FIFO,8fa07eda-8bf2-4ee6-831c-606a9ab2ca62,8fa07eda-8bf2-4ee6-831c-606a9ab2ca62
FIFO,c23feff4-289c-46ed-9adc-6156cd765681,c23feff4-289c-46ed-9adc-6156cd765681
FIFO,91cfca20-f88b-4538-bd2f-c0edeccd2d70,91cfca20-f88b-4538-bd2f-c0edeccd2d70
FIFO,94538da7-c6a1-427c-982e-eb02bafc1ff4,94538da7-c6a1-427c-982e-eb02bafc1ff4
FIFO,f199adb2-ba3d-4ad1-8fe2-ee4f3754f29a,f199adb2-ba3d-4ad1-8fe2-ee4f3754f29a
FIFO,92d20c54-b457-47cf-8df5-bf0a4b41be63,92d20c54-b457-47cf-8df5-bf0a4b41be63
FIFO,2236dd5f-7a40-46b2-9dd5-4c531522b451,2236dd5f-7a40-46b2-9dd5-4c531522b451
FIFO,735de19c-db4b-4c16-bea8-f8eed5e089c7,735de19c-db4b-4c16-bea8-f8eed5e089c7
FIFO,978568f3-fe2c-4d12-8cdb-77ca3013df78,978568f3-fe2c-4d12-8cdb-77ca3013df78
FIFO,7b68d35f-a46b-4c4d-8b40-f152bc901b63,7b68d35f-a46b-4c4d-8b40-f152bc901b63
FIFO,bc42ec3f-6669-4878-88f4-d32c7f67fefc,bc42ec3f-6669-4878-88f4-d32c7f67fefc
FIFO,7e11d4d9-4744-4cd0-8c6b-1ccfffcefe25,7e11d4d9-4744-4cd0-8c6b-1ccfffcefe25
FIFO,e7d40349-304d-4a63-b958-43163a929e7b,e7d40349-304d-4a63-b958-43163a929e7b
FIFO,921ef742-ff84-4aa1-bd40-c8f972218b15,921ef742-ff84-4aa1-bd40-c8f972218b15
FIFO,b03b1e86-5c9d-416d-b5f1-379d30a7b34d,b03b1e86-5c9d-416d-b5f1-379d30a7b34d
FIFO,a75c472d-a9ec-4cfb-a33a-4863c8756374,a75c472d-a9ec-4cfb-a33a-4863c8756374
FIFO,458c5c12-e266-4bce-9d73-fdac09918a40,458c5c12-e266-4bce-9d73-fdac09918a40
FIFO,d5c8d282-53af-4e52-9ad8-816fd04ffe99,d5c8d282-53af-4e52-9ad8-816fd04ffe99
FIFO,767f9cde-2912-46e7-b44b-5de1f7761e94,767f9cde-2912-46e7-b44b-5de1f7761e94
FIFO,fb973768-48e4-4125-abfd-306ac751d3f0,fb973768-48e4-4125-abfd-306ac751d3f0
FIFO,11d13a36-5460-4d54-9bba-bb0bb6302af5,11d13a36-5460-4d54-9bba-bb0bb6302af5
FIFO,1b7ec09b-03fd-4e52-8136-f81886153a87,1b7ec09b-03fd-4e52-8136-f81886153a87
FIFO,90b131df-de34-49a4-b4f1-166452e85695,90b131df-de34-49a4-b4f1-166452e85695
FIFO,33839e50-001c-4498-813b-65b93d07a238,33839e50-001c-4498-813b-65b93d07a238
FIFO,f9ab735d-611b-4620-8c5f-791f393c0cab,f9ab735d-611b-4620-8c5f-791f393c0cab
FIFO,8756c2be-caf9-4d21-becf-a67a89379df4,8756c2be-caf9-4d21-becf-a67a89379df4
FIFO,adfdb8af-5ce0-482f-9b15-58180935f336,adfdb8af-5ce0-482f-9b15-58180935f336
FIFO,ddad73e1-1969-429c-b3d9-a84fc0bbd590,ddad73e1-1969-429c-b3d9-a84fc0bbd590
FIFO,3b537bec-8808-4c37-a701-19b30a6635a2,3b537bec-8808-4c37-a701-19b30a6635a2
FIFO,21cdff91-259b-4a20-87d2-40ec41251851,21cdff91-259b-4a20-87d2-40ec41251851
FIFO,add288a4-5a34-4cf1-bbf1-b0f5d28532d2,add288a4-5a34-4cf1-bbf1-b0f5d28532d2
FIFO,dd3409c0-a44e-4246-810c-3653a64edabe,dd3409c0-a44e-4246-810c-3653a64edabe
FIFO,24609427-ec0c-4e5a-89b0-30f2542b00cb,24609427-ec0c-4e5a-89b0-30f2542b00cb
FIFO,3f600b66-b871-4557-9936-6f9c5bd10060,3f600b66-b871-4557-9936-6f9c5bd10060
FIFO,20f4c96a-ae47-4331-bb9b-9f74fb5666a4,20f4c96a-ae47-4331-bb9b-9f74fb5666a4
FIFO,7510ec46-ee6e-474e-bffa-638bbfad8981,7510ec46-ee6e-474e-bffa-638bbfad8981
FIFO,26a0b6e1-9976-4a78-8ac7-d3efd5cb8190,26a0b6e1-9976-4a78-8ac7-d3efd5cb8190
FIFO,a0526d34-dd47-43d2-b344-76f9be495244,a0526d34-dd47-43d2-b344-76f9be495244
FIFO,d9e307a0-e6a7-4a77-bcea-ab4f37d7ea72,d9e307a0-e6a7-4a77-bcea-ab4f37d7ea72
FIFO,f09c31e4-078e-44a0-8678-31bc6f528db0,f09c31e4-078e-44a0-8678-31bc6f528db0
FIFO,9932470c-4a15-48e0-a5ee-ecdc389cac52,9932470c-4a15-48e0-a5ee-ecdc389cac52
FIFO,2b34a13f-086d-4770-ae84-a6f42adbdab9,2b34a13f-086d-4770-ae84-a6f42adbdab9
FIFO,94053a46-5d62-44f1-aa6d-071ed959d672,94053a46-5d62-44f1-aa6d-071ed959d672
FIFO,f215d224-5bb1-4f6c-a15c-10204dc58434,f215d224-5bb1-4f6c-a15c-10204dc58434
FIFO,8afc4a17-b383-41cc-a407-d2cc29ac6fba,8afc4a17-b383-41cc-a407-d2cc29ac6fba
FIFO,8fec851a-f8e8-49e5-bdb7-d43b54077381,8fec851a-f8e8-49e5-bdb7-d43b54077381
FIFO,bcb16d1b-81b8-4374-972a-ff2a8edb8719,bcb16d1b-81b8-4374-972a-ff2a8edb8719
FIFO,13acfe65-5d65-4259-aa10-72f89b59ecd7,13acfe65-5d65-4259-aa10-72f89b59ecd7
FIFO,1675cb72-014c-4a37-897a-10a238029081,1675cb72-014c-4a37-897a-10a238029081
FIFO,b034ef98-753e-48a2-a729-24d5d1c525a1,b034ef98-753e-48a2-a729-24d5d1c525a1
FIFO,0564015e-5620-477e-9b0a-fbb294d258ba,0564015e-5620-477e-9b0a-fbb294d258ba
FIFO,8ea98a29-cb6d-482c-b84f-90166fcc5b1d,8ea98a29-cb6d-482c-b84f-90166fcc5b1d
FIFO,3572c41d-57a7-4ce0-861d-79a98875af49,3572c41d-57a7-4ce0-861d-79a98875af49
FIFO,3d233e92-4130-45b5-8d2a-91939cbc8cef,3d233e92-4130-45b5-8d2a-91939cbc8cef
FIFO,7338f30b-e040-4bed-9b92-fb6057b24b2c,7338f30b-e040-4bed-9b92-fb6057b24b2c
FIFO,ddabe8c8-30a8-4a48-96aa-1135ca7388e2,ddabe8c8-30a8-4a48-96aa-1135ca7388e2
FIFO,cc8e8f53-166b-4813-b87c-a5fed5c21d32,cc8e8f53-166b-4813-b87c-a5fed5c21d32
FIFO,4dafe65a-3b69-42d4-9417-ed8d37bf3b6d,4dafe65a-3b69-42d4-9417-ed8d37bf3b6d
FIFO,6880b81d-562c-45af-88b8-e0e77ed247c8,6880b81d-562c-45af-88b8-e0e77ed247c8
FIFO,c456c829-3e8f-4915-bf27-39cdb4a8c532,c456c829-3e8f-4915-bf27-39cdb4a8c532
FIFO,26589475-5762-49cf-a87d-5ac6e8341314,26589475-5762-49cf-a87d-5ac6e8341314
FIFO,26ba951d-7fbc-4f82-9d51-7299820b95d3,26ba951d-7fbc-4f82-9d51-7299820b95d3
FIFO,168e26d2-e675-4e6f-a6ec-554ce5bdf013,168e26d2-e675-4e6f-a6ec-554ce5bdf013
FIFO,81381819-a807-44c6-9406-cd13bcfb3bd6,81381819-a807-44c6-9406-cd13bcfb3bd6
FIFO,0ce12aa3-c6d2-4489-9819-7a43654a1199,0ce12aa3-c6d2-4489-9819-7a43654a1199
FIFO,c70834c0-1021-44eb-90b5-6b0483aca06c,c70834c0-1021-44eb-90b5-6b0483aca06c
FIFO,36ec4aaa-2703-46b8-b042-dbf5db1de7d1,36ec4aaa-2703-46b8-b042-dbf5db1de7d1
FIFO,6b91b864-c446-435b-a291-76934831dd0f,6b91b864-c446-435b-a291-76934831dd0f
FIFO,7929da77-e906-40ec-a830-1468498ee26a,7929da77-e906-40ec-a830-1468498ee26a
FIFO,3195beb6-30ba-4f0a-8d4f-ce34eab979a4,3195beb6-30ba-4f0a-8d4f-ce34eab979a4
FIFO,35e28eb0-db11-49b2-bba7-2e134f94ba5a,35e28eb0-db11-49b2-bba7-2e134f94ba5a
FIFO,adf2cccb-2292-4384-b491-05b5256a62c5,adf2cccb-2292-4384-b491-05b5256a62c5
FIFO,ecd6e799-5cdd-42b3-bea8-82c329c673f9,ecd6e799-5cdd-42b3-bea8-82c329c673f9
FIFO,77b0c5c3-4437-4b84-9ed7-b38c9b3427a4,77b0c5c3-4437-4b84-9ed7-b38c9b3427a4
FIFO,e7668fd8-5819-420a-a745-8b61a0235a82,e7668fd8-5819-420a-a745-8b61a0235a82
FIFO,93f43ec8-71bf-4d37-b4fa-acb8b775e22f,93f43ec8-71bf-4d37-b4fa-acb8b775e22f
FIFO,31923151-a6e4-4e32-acb7-d8d8b63488ab,31923151-a6e4-4e32-acb7-d8d8b63488ab
FIFO,45d0fb96-ec95-4d5f-8665-a6b3c2848d8a,45d0fb96-ec95-4d5f-8665-a6b3c2848d8a
FIFO,36f41788-807c-4837-8bbe-1e17c1eb25ba,36f41788-807c-4837-8bbe-1e17c1eb25ba
FIFO,1ab3d857-35f2-431f-90b9-4ed4f77cd9d6,1ab3d857-35f2-431f-90b9-4ed4f77cd9d6
FIFO,9e2ab4b6-7bc4-4ec5-9dde-bf069e96322d,9e2ab4b6-7bc4-4ec5-9dde-bf069e96322d
FIFO,768b3dcb-3cb9-470c-8a03-6ba157f567c4,768b3dcb-3cb9-470c-8a03-6ba157f567c4
FIFO,4ef2c94d-89c1-4d44-a68e-d45847fdce56,4ef2c94d-89c1-4d44-a68e-d45847fdce56
FIFO,11ebe086-a5d9-44cf-aab6-8e8eff3e81c5,11ebe086-a5d9-44cf-aab6-8e8eff3e81c5
FIFO,871301ae-624d-4208-8887-8c030af68963,871301ae-624d-4208-8887-8c030af68963
FIFO,7266d3ff-ef5d-4620-a5ec-a9b3981ee591,7266d3ff-ef5d-4620-a5ec-a9b3981ee591
FIFO,f07b9ca7-2356-42ec-bbaa-1e88ac3fe33a,f07b9ca7-2356-42ec-bbaa-1e88ac3fe33a
FIFO,aaa4950e-daa5-40d7-bea4-0f829fcb1b88,aaa4950e-daa5-40d7-bea4-0f829fcb1b88
FIFO,489b6c3a-ebe4-4c9e-8e35-76a755ff1d06,489b6c3a-ebe4-4c9e-8e35-76a755ff1d06
FIFO,31b7ee1d-1216-4f0d-89b9-35972db5b660,31b7ee1d-1216-4f0d-89b9-35972db5b660
FIFO,c86a0ba8-d55c-460b-963c-8ccb96dac968,c86a0ba8-d55c-460b-963c-8ccb96dac968
FIFO,793a8c33-0610-4364-858f-4f6cafbce5f2,793a8c33-0610-4364-858f-4f6cafbce5f2
FIFO,69133581-a80a-4bba-9588-0ab2e13f9ce2,69133581-a80a-4bba-9588-0ab2e13f9ce2
FIFO,f3be872f-32c7-40b3-b802-9fb4d1bc6f21,f3be872f-32c7-40b3-b802-9fb4d1bc6f21
FIFO,73eb5fc8-af6b-437b-a406-0f4ee9ec5172,73eb5fc8-af6b-437b-a406-0f4ee9ec5172
FIFO,ea2490b6-0691-417f-a29a-9484e3d9db87,ea2490b6-0691-417f-a29a-9484e3d9db87
FIFO,fc72e4f7-cd4a-4350-aef4-49afd77df1b2,fc72e4f7-cd4a-4350-aef4-49afd77df1b2
FIFO,6e4fa5f6-3b86-419e-9cd7-a441923653ed,6e4fa5f6-3b86-419e-9cd7-a441923653ed
FIFO,6478c409-66a9-428d-b48d-1d9e63a66bdb,6478c409-66a9-428d-b48d-1d9e63a66bdb
FIFO,7a9d10bc-b07e-4df2-ab01-e8a35ba000a6,7a9d10bc-b07e-4df2-ab01-e8a35ba000a6
FIFO,cd4bc598-880f-4d27-be63-a05a9a46c26e,cd4bc598-880f-4d27-be63-a05a9a46c26e
FIFO,9666139f-698c-4bff-b455-aeba893dfdb3,9666139f-698c-4bff-b455-aeba893dfdb3
FIFO,1ca8a635-370a-4ee7-8683-cb8cc4fc1204,1ca8a635-370a-4ee7-8683-cb8cc4fc1204
FIFO,232b881d-7512-496f-8acc-6b15b4183223,232b881d-7512-496f-8acc-6b15b4183223
FIFO,58e80423-f1b3-4049-9ade-b7f14a2a9acf,58e80423-f1b3-4049-9ade-b7f14a2a9acf
FIFO,0ae2dbb3-62ed-451a-b57f-73fd8c5dd806,264d7f8c-ffa2-467e-8a8d-d67899ac12d0
FIFO,264d7f8c-ffa2-467e-8a8d-d67899ac12d0,0ae2dbb3-62ed-451a-b57f-73fd8c5dd806
FIFO,7e051acb-170f-4102-a9c8-df92ca393c77,7e051acb-170f-4102-a9c8-df92ca393c77
FIFO,38baef91-70f2-4b88-ae5e-f7138f70e0f5,38baef91-70f2-4b88-ae5e-f7138f70e0f5
FIFO,8a560612-0aef-4244-b0a0-392704fc557c,8a560612-0aef-4244-b0a0-392704fc557c
FIFO,26394e14-fe08-448a-ab68-fb2c1da08799,26394e14-fe08-448a-ab68-fb2c1da08799
FIFO,e592998f-18d6-48db-a29f-2b498d9688e5,e592998f-18d6-48db-a29f-2b498d9688e5
FIFO,d782bc04-a0b7-47c7-b5bc-0fc018dfe01f,d782bc04-a0b7-47c7-b5bc-0fc018dfe01f
FIFO,94c6df5c-842c-4313-aa87-0c86762fb808,94c6df5c-842c-4313-aa87-0c86762fb808
FIFO,cda98d64-3d0b-4256-8542-42f02ff97882,cda98d64-3d0b-4256-8542-42f02ff97882
FIFO,1860e59f-73e0-4dc4-b203-e132cf172485,1860e59f-73e0-4dc4-b203-e132cf172485
FIFO,a392ca67-b00c-48f3-9fa5-44b491a9cf75,a392ca67-b00c-48f3-9fa5-44b491a9cf75
FIFO,cf1197dd-34c3-4f6e-a533-9c17d8e36049,cf1197dd-34c3-4f6e-a533-9c17d8e36049
FIFO,b86ba4a7-a5be-4633-ad30-94b789d25102,b86ba4a7-a5be-4633-ad30-94b789d25102
FIFO,00e4a409-8b20-495f-8e07-94ac9872b2e2,00e4a409-8b20-495f-8e07-94ac9872b2e2
FIFO,bec10007-9510-433a-ab59-efc4bbe1bd5d,bec10007-9510-433a-ab59-efc4bbe1bd5d
FIFO,9885b28a-2f57-4882-acc7-7c68c512da8f,9885b28a-2f57-4882-acc7-7c68c512da8f
FIFO,59767e0b-decc-408e-aa65-5f5c92afdc21,59767e0b-decc-408e-aa65-5f5c92afdc21
FIFO,87f53784-aa09-4ccb-82da-b5fb67dd2182,87f53784-aa09-4ccb-82da-b5fb67dd2182
FIFO,bc0f4c35-e09a-4de0-810d-6512986f3ebb,bc0f4c35-e09a-4de0-810d-6512986f3ebb
FIFO,9f83e48d-e20c-40fd-a05f-2c762ad0d7e8,9f83e48d-e20c-40fd-a05f-2c762ad0d7e8
FIFO,fdcdf594-733b-416c-ba4a-a8a758d9e618,fdcdf594-733b-416c-ba4a-a8a758d9e618
FIFO,291631ad-6f31-4f03-87c2-69dd86a43cd7,291631ad-6f31-4f03-87c2-69dd86a43cd7
FIFO,1f8e463f-ab65-4205-8568-142a79bafbb5,1f8e463f-ab65-4205-8568-142a79bafbb5
FIFO,1f852886-039e-433c-a87f-fcd47cbfafcf,1f852886-039e-433c-a87f-fcd47cbfafcf
FIFO,df4ba8e1-a2a3-4304-bce1-f809ed19056d,df4ba8e1-a2a3-4304-bce1-f809ed19056d
FIFO,a424693e-f737-430e-85f9-aade86cd317d,a424693e-f737-430e-85f9-aade86cd317d
FIFO,824ba227-0fd7-470a-a7d6-5469f2b8250b,824ba227-0fd7-470a-a7d6-5469f2b8250b
FIFO,5a5546ca-387a-4fb4-bd4b-5c08eff62796,5a5546ca-387a-4fb4-bd4b-5c08eff62796
FIFO,575afc80-1f81-47c9-a1e1-f1dd8bad5557,575afc80-1f81-47c9-a1e1-f1dd8bad5557
FIFO,cf4d5a7f-7a2f-443b-8377-9ccd36595205,cf4d5a7f-7a2f-443b-8377-9ccd36595205
FIFO,997085c1-ca11-415f-a43a-dfdd333e2332,997085c1-ca11-415f-a43a-dfdd333e2332
FIFO,63358054-de1b-4440-b609-4be310787e52,63358054-de1b-4440-b609-4be310787e52
FIFO,589f421c-8f2e-4cbd-9a98-039e3dc1f8e4,589f421c-8f2e-4cbd-9a98-039e3dc1f8e4
FIFO,143d9e8e-f798-4160-8643-78a4c82b7dd5,143d9e8e-f798-4160-8643-78a4c82b7dd5
FIFO,1f98bfa6-c755-4f0e-a9e5-5d43c39883c5,1f98bfa6-c755-4f0e-a9e5-5d43c39883c5
FIFO,02ecc7fa-79d1-46a9-b6b3-ab7a3655836d,02ecc7fa-79d1-46a9-b6b3-ab7a3655836d
FIFO,b0210f23-16d6-4082-81e6-dc32b534f418,b0210f23-16d6-4082-81e6-dc32b534f418
FIFO,9617044d-9f2b-48b6-a096-7b53b2fc1035,9617044d-9f2b-48b6-a096-7b53b2fc1035
FIFO,3ae942f4-b270-42c6-a5ca-1ff2abcc4955,3ae942f4-b270-42c6-a5ca-1ff2abcc4955
FIFO,86994655-3f7e-4a8b-a787-fec3c942b07f,86994655-3f7e-4a8b-a787-fec3c942b07f
FIFO,296764d0-5d78-41c5-876e-a3211353bf56,296764d0-5d78-41c5-876e-a3211353bf56
FIFO,d4598f6f-0ebf-4428-ade8-2fd715ae700b,d4598f6f-0ebf-4428-ade8-2fd715ae700b
FIFO,5cb29edb-38b2-4c67-9c77-bb782d8254be,5cb29edb-38b2-4c67-9c77-bb782d8254be
FIFO,722b118c-87b1-4c2b-9275-cbdc7d122ec4,722b118c-87b1-4c2b-9275-cbdc7d122ec4
FIFO,660d6ca0-fd70-42cb-bd7b-bb2306dbc7a6,660d6ca0-fd70-42cb-bd7b-bb2306dbc7a6
FIFO,8d1482a6-8d69-4279-adec-6ddfaf2813f4,8d1482a6-8d69-4279-adec-6ddfaf2813f4
FIFO,f804cce1-01cb-440f-b4ae-c6836ab1db5d,f804cce1-01cb-440f-b4ae-c6836ab1db5d
FIFO,6962e73a-351a-4c74-9491-f3d0bd9911a2,6962e73a-351a-4c74-9491-f3d0bd9911a2
FIFO,de9085b8-5d89-43b5-8d44-369c1fe87b2a,de9085b8-5d89-43b5-8d44-369c1fe87b2a
FIFO,1c7bd67e-3866-47ed-abe6-3b1e7cf01029,1c7bd67e-3866-47ed-abe6-3b1e7cf01029
FIFO,19a33216-e309-417d-8187-a10a1601439a,19a33216-e309-417d-8187-a10a1601439a
FIFO,8982c8da-9c0a-4f0b-aef1-55e3c6d90c03,8982c8da-9c0a-4f0b-aef1-55e3c6d90c03
FIFO,70cc412b-d776-4b15-bd13-da27ca1b1e2c,70cc412b-d776-4b15-bd13-da27ca1b1e2c
FIFO,a7ae1bbc-5e29-4b6e-83f6-07afa504537e,a7ae1bbc-5e29-4b6e-83f6-07afa504537e
FIFO,72ea30cf-fd60-4e2b-9a69-ccbcdce9f3b8,72ea30cf-fd60-4e2b-9a69-ccbcdce9f3b8
FIFO,3cb78117-f81e-4402-bc04-22eb8817a259,3cb78117-f81e-4402-bc04-22eb8817a259
FIFO,10983db3-ee3b-42c6-aa7f-fa86d5e9ffc6,10983db3-ee3b-42c6-aa7f-fa86d5e9ffc6
FIFO,681ca741-9a9d-4538-bbe5-c1d0ef5d3780,681ca741-9a9d-4538-bbe5-c1d0ef5d3780
FIFO,8ef01a38-374d-4eea-bbc7-bde371ca740d,8ef01a38-374d-4eea-bbc7-bde371ca740d
FIFO,ff77fd38-cce5-44d5-ab2e-9a2316cb96b0,ff77fd38-cce5-44d5-ab2e-9a2316cb96b0
FIFO,985044b8-02c3-4aaa-a7c6-aeb5e8691d26,985044b8-02c3-4aaa-a7c6-aeb5e8691d26
FIFO,884a25c9-6f2f-4f15-9db2-85c51aa8cfaa,884a25c9-6f2f-4f15-9db2-85c51aa8cfaa
FIFO,cd32c7b5-59e8-4d60-bf62-c075f0810b0f,cd32c7b5-59e8-4d60-bf62-c075f0810b0f
FIFO,9f1de8ca-eb6a-4b77-a0cc-1dfffa999d17,9f1de8ca-eb6a-4b77-a0cc-1dfffa999d17
FIFO,bab6e5de-4fa3-4987-ac84-904de8b043d6,bab6e5de-4fa3-4987-ac84-904de8b043d6
FIFO,10810ba2-3792-46fc-bafc-d7f5cd6ab155,10810ba2-3792-46fc-bafc-d7f5cd6ab155
FIFO,966b1409-30b2-4384-ad1b-02ec697063f1,966b1409-30b2-4384-ad1b-02ec697063f1
FIFO,de0e2d92-ad06-408f-a7e8-51bb4f319024,de0e2d92-ad06-408f-a7e8-51bb4f319024
FIFO,9b3e88d3-c4f9-4fa4-b830-84311187b113,9b3e88d3-c4f9-4fa4-b830-84311187b113
FIFO,763848a2-dde8-4fe6-a879-9ef7cdae81c5,763848a2-dde8-4fe6-a879-9ef7cdae81c5
FIFO,c4637e3a-39a6-4c5f-b33f-39fa4f22e72f,c4637e3a-39a6-4c5f-b33f-39fa4f22e72f
FIFO,c34c0ac0-e32c-4ba7-9b6b-9b23564a8abc,c34c0ac0-e32c-4ba7-9b6b-9b23564a8abc
FIFO,c5b3c5a8-5c46-423b-838f-97858b186f30,c5b3c5a8-5c46-423b-838f-97858b186f30
FIFO,72f31395-d1bd-4560-a922-ad7f27859d40,72f31395-d1bd-4560-a922-ad7f27859d40
FIFO,ed0f38a1-76ed-4c66-80bc-dc35dcb4f243,ed0f38a1-76ed-4c66-80bc-dc35dcb4f243
FIFO,816d50a3-b372-4479-85dc-fe66611b0f8e,816d50a3-b372-4479-85dc-fe66611b0f8e
FIFO,85d94cb9-2cf8-45cc-a621-ee2db26a16e3,85d94cb9-2cf8-45cc-a621-ee2db26a16e3
FIFO,1dcf17a4-4772-4166-a350-04371fa6e6d4,1dcf17a4-4772-4166-a350-04371fa6e6d4
FIFO,69f5ba85-8aca-43f6-81e5-c513aa1b00a5,69f5ba85-8aca-43f6-81e5-c513aa1b00a5
FIFO,35696b77-0ca5-4361-8214-b4f971065392,35696b77-0ca5-4361-8214-b4f971065392
FIFO,141a81f1-69a3-427e-bfc4-e0549fc20973,141a81f1-69a3-427e-bfc4-e0549fc20973
FIFO,0d35a152-7c43-4e2d-af9e-de32822f7d94,0d35a152-7c43-4e2d-af9e-de32822f7d94
FIFO,dd84cecd-488f-4ce8-86c1-59adf820209a,dd84cecd-488f-4ce8-86c1-59adf820209a
FIFO,8fafcf8f-b1bd-4f2c-9263-044110c1bf9f,8fafcf8f-b1bd-4f2c-9263-044110c1bf9f
FIFO,ad379e61-a9ec-4911-91ce-378ebbc6f00f,ad379e61-a9ec-4911-91ce-378ebbc6f00f
FIFO,d7e90622-5826-4694-90ae-08401ed6455f,d7e90622-5826-4694-90ae-08401ed6455f
FIFO,12102522-5019-401e-8c26-9bfe90ae2a83,12102522-5019-401e-8c26-9bfe90ae2a83
FIFO,e9d4b6b4-8bda-44d6-a74e-94a03e279531,e9d4b6b4-8bda-44d6-a74e-94a03e279531
FIFO,e85df3e9-445d-4a3b-bd83-1dbab8cbe4f9,e85df3e9-445d-4a3b-bd83-1dbab8cbe4f9
FIFO,819c809e-1c19-4554-8f0a-56f1cb86aa3b,819c809e-1c19-4554-8f0a-56f1cb86aa3b
FIFO,2917f840-740c-4eed-abb7-fef4faaa0fc4,2917f840-740c-4eed-abb7-fef4faaa0fc4
FIFO,334941ff-dbb8-4406-bfc8-36fc5cc7182f,334941ff-dbb8-4406-bfc8-36fc5cc7182f
FIFO,1c667613-f6a2-4aa3-b0d3-12479568172d,1c667613-f6a2-4aa3-b0d3-12479568172d
FIFO,ef0ab636-b3fe-4863-9303-8d37ad9629b5,ef0ab636-b3fe-4863-9303-8d37ad9629b5
FIFO,624af6ba-23c1-48ef-bb76-2a8d990f9cf8,624af6ba-23c1-48ef-bb76-2a8d990f9cf8
FIFO,3b736052-6ecc-4543-bafa-e6a9a40e1bd7,3b736052-6ecc-4543-bafa-e6a9a40e1bd7
FIFO,6d86084c-d34c-4d1c-85b3-4a4d7bd46108,6d86084c-d34c-4d1c-85b3-4a4d7bd46108
FIFO,2550a454-debb-4c3f-90aa-a74614fd9ee1,2550a454-debb-4c3f-90aa-a74614fd9ee1
FIFO,fefdb563-b3f2-457b-a7b2-360a86b85df8,fefdb563-b3f2-457b-a7b2-360a86b85df8
FIFO,ffa777cb-ad09-4630-81b1-c39844f5f943,ffa777cb-ad09-4630-81b1-c39844f5f943
FIFO,7d0d916c-b19c-4932-94cc-2ddf3a395d06,7d0d916c-b19c-4932-94cc-2ddf3a395d06
FIFO,78e36c00-379d-4f82-ad51-65f0e8dc34ef,78e36c00-379d-4f82-ad51-65f0e8dc34ef
FIFO,cef1e652-3a2e-4f89-ab7a-3795084cda17,cef1e652-3a2e-4f89-ab7a-3795084cda17
FIFO,bf3de93f-c911-4abe-9b12-226ebb431058,bf3de93f-c911-4abe-9b12-226ebb431058
FIFO,5001394e-c31e-4768-9602-610ff3c666d8,5001394e-c31e-4768-9602-610ff3c666d8
FIFO,a084cae2-97ce-47c1-8913-e517c5f09954,a084cae2-97ce-47c1-8913-e517c5f09954
FIFO,3785f6e9-7f2e-4ab3-8039-f309b1a1239a,3785f6e9-7f2e-4ab3-8039-f309b1a1239a
FIFO,3c67f8c8-a3f4-4a58-b8e2-9dfea7ab3f28,3c67f8c8-a3f4-4a58-b8e2-9dfea7ab3f28
FIFO,0ff2b145-c6f1-4041-916d-4c17fbe7f631,0ff2b145-c6f1-4041-916d-4c17fbe7f631
FIFO,5c4aebcf-5303-4e8a-82ad-074a75207fd7,5c4aebcf-5303-4e8a-82ad-074a75207fd7
FIFO,1ec8408d-da39-454f-93ca-73bb2d8b9bd3,1ec8408d-da39-454f-93ca-73bb2d8b9bd3
FIFO,f98f46a8-e9ec-479f-b909-4521a8ca4841,f98f46a8-e9ec-479f-b909-4521a8ca4841
FIFO,714d9276-5e1a-4b84-bc62-1b44de4d2f8f,714d9276-5e1a-4b84-bc62-1b44de4d2f8f
FIFO,0ba64843-3da2-4414-aba6-a0d77a80a51a,0ba64843-3da2-4414-aba6-a0d77a80a51a
FIFO,69616078-1bd3-4e2c-ba01-884769120223,69616078-1bd3-4e2c-ba01-884769120223
FIFO,36432c5a-1e00-4b1f-b482-29a93fc0a6cd,36432c5a-1e00-4b1f-b482-29a93fc0a6cd
FIFO,5a9068fc-ef87-418b-9480-56072d3c39d2,5a9068fc-ef87-418b-9480-56072d3c39d2
FIFO,7bd76877-ee53-4faa-a2e5-4cd40156a6cf,7bd76877-ee53-4faa-a2e5-4cd40156a6cf
FIFO,94e79723-8868-42c4-b14f-f9417f14f869,94e79723-8868-42c4-b14f-f9417f14f869
FIFO,40c39f27-398c-47d7-ab41-d0d18594551f,40c39f27-398c-47d7-ab41-d0d18594551f
FIFO,c4222ee3-081a-4276-a9c8-527296b1e7ea,c4222ee3-081a-4276-a9c8-527296b1e7ea
FIFO,678d9cb6-0fb1-4c73-9497-4261d401b277,678d9cb6-0fb1-4c73-9497-4261d401b277
FIFO,f8a6ce43-dbe0-43d8-982e-718c648a9358,f8a6ce43-dbe0-43d8-982e-718c648a9358
FIFO,119d324f-6a1b-4962-b735-c269e110cd76,119d324f-6a1b-4962-b735-c269e110cd76
FIFO,8df360fb-c645-40e3-ae6b-725bbe404b98,8df360fb-c645-40e3-ae6b-725bbe404b98
FIFO,c50885b8-4405-461e-86c3-fa4b1e09c964,c50885b8-4405-461e-86c3-fa4b1e09c964
FIFO,741a3bde-5daf-4a4b-a4b0-041994eb24a4,741a3bde-5daf-4a4b-a4b0-041994eb24a4
FIFO,2d5c72d4-9a7d-4670-9d20-467c9b5c5da6,2d5c72d4-9a7d-4670-9d20-467c9b5c5da6
FIFO,48b8e04d-aeb2-4f68-8b48-0345832f7671,48b8e04d-aeb2-4f68-8b48-0345832f7671
FIFO,f00daa6d-d1a7-4033-a257-9415ca56d471,f00daa6d-d1a7-4033-a257-9415ca56d471
FIFO,ed557d6d-365e-4cf3-8d1f-de02f56a2bca,ed557d6d-365e-4cf3-8d1f-de02f56a2bca
FIFO,fcbfe342-d3c0-4f06-8020-9709b3e70624,fcbfe342-d3c0-4f06-8020-9709b3e70624
FIFO,eb731f2c-5ab4-4ac7-83a1-4875c7af8928,eb731f2c-5ab4-4ac7-83a1-4875c7af8928
FIFO,52ba1ecd-8a26-4dd3-af0f-5ee1ffba0626,52ba1ecd-8a26-4dd3-af0f-5ee1ffba0626
FIFO,b7abe270-708d-4ba8-b574-7fdf36f8b3e7,b7abe270-708d-4ba8-b574-7fdf36f8b3e7
FIFO,cc60e462-c512-415c-a244-aa1fdbe718c1,cc60e462-c512-415c-a244-aa1fdbe718c1
FIFO,8bb9a441-193c-4d05-82fd-d4bf7d4e0603,8bb9a441-193c-4d05-82fd-d4bf7d4e0603
FIFO,31a2978c-7155-410e-b8d4-0aff4ad9a8a2,31a2978c-7155-410e-b8d4-0aff4ad9a8a2
FIFO,422c244f-ce24-4ede-921c-3c284a53fc23,422c244f-ce24-4ede-921c-3c284a53fc23
FIFO,f163bb10-da9e-409d-ba34-291423d629d6,f163bb10-da9e-409d-ba34-291423d629d6
FIFO,3aa92037-bec6-4d27-8f91-4eb23cd7dea8,3aa92037-bec6-4d27-8f91-4eb23cd7dea8
FIFO,dd3e9878-444a-4c6e-ac93-575d8c60ec3d,dd3e9878-444a-4c6e-ac93-575d8c60ec3d
FIFO,1060a7ec-d207-4993-9cb4-5fbfcca80a87,1060a7ec-d207-4993-9cb4-5fbfcca80a87
FIFO,1537998c-48b7-47ef-a031-adbacd3761ac,1537998c-48b7-47ef-a031-adbacd3761ac
FIFO,208818a8-a4cd-4207-b5cb-46e103ace5d9,208818a8-a4cd-4207-b5cb-46e103ace5d9
FIFO,90a25e8b-e4cf-44d9-b5ac-371832c59d31,90a25e8b-e4cf-44d9-b5ac-371832c59d31
FIFO,00258ec0-b849-4aa2-ad10-00f018ca94b3,00258ec0-b849-4aa2-ad10-00f018ca94b3
FIFO,807e64ac-be2d-4dc9-9d48-24dbcd026d65,807e64ac-be2d-4dc9-9d48-24dbcd026d65
FIFO,8ec7d07f-188a-48d6-96b5-8922c4d2ed07,8ec7d07f-188a-48d6-96b5-8922c4d2ed07
FIFO,30391c2a-7320-43c0-86be-90f639948b49,30391c2a-7320-43c0-86be-90f639948b49
FIFO,b80f2ed2-e6ca-40f7-a17e-c4e1c274aec4,b80f2ed2-e6ca-40f7-a17e-c4e1c274aec4
FIFO,0ce55a28-3dd4-4479-90ce-b659083982a6,0ce55a28-3dd4-4479-90ce-b659083982a6
FIFO,a2a53e98-47a0-4077-86e7-931f80e32307,a2a53e98-47a0-4077-86e7-931f80e32307
FIFO,a4843448-b93c-48b4-823c-395f32cece52,a4843448-b93c-48b4-823c-395f32cece52
FIFO,1a162506-e661-4a67-a79a-6a3cbd979b83,1a162506-e661-4a67-a79a-6a3cbd979b83
FIFO,c8cad5ec-438b-4de0-b253-bc1572b49805,c8cad5ec-438b-4de0-b253-bc1572b49805
FIFO,942c83d6-dd3d-421f-a204-9f7ed6623884,942c83d6-dd3d-421f-a204-9f7ed6623884
FIFO,36c39201-9f4b-4a90-afa7-ca744593d559,36c39201-9f4b-4a90-afa7-ca744593d559
FIFO,ce458ef4-c00b-4c79-8a0b-e97850679de2,ce458ef4-c00b-4c79-8a0b-e97850679de2
FIFO,2c9d22f6-a34f-4034-a570-5e49f0655b0b,2c9d22f6-a34f-4034-a570-5e49f0655b0b
FIFO,1e59f779-9f25-4a3b-902a-559ddee43e1c,1e59f779-9f25-4a3b-902a-559ddee43e1c
FIFO,5d9bc674-df73-4f4e-8591-e8ea48d183e7,5d9bc674-df73-4f4e-8591-e8ea48d183e7
FIFO,9a5ed855-bbe1-4961-9e4a-18e3a77340be,9a5ed855-bbe1-4961-9e4a-18e3a77340be
FIFO,026c0978-9225-4e0f-9601-2be622ce35d6,026c0978-9225-4e0f-9601-2be622ce35d6
FIFO,781649c6-358b-4494-a074-ad48e8cffe09,781649c6-358b-4494-a074-ad48e8cffe09
FIFO,eaddae5c-c59e-4abc-a6da-3a93f915bf51,eaddae5c-c59e-4abc-a6da-3a93f915bf51
FIFO,e4fd16b5-fefa-4b10-96c6-3e69b58da30b,e4fd16b5-fefa-4b10-96c6-3e69b58da30b
FIFO,a245c286-354b-407b-9d19-c49ac64dd8a3,23bfa84e-9939-45e8-a725-fb6bfe671a05
FIFO,23bfa84e-9939-45e8-a725-fb6bfe671a05,a245c286-354b-407b-9d19-c49ac64dd8a3
FIFO,81665d13-5725-42e0-ba51-d93f0238c642,81665d13-5725-42e0-ba51-d93f0238c642
FIFO,cf4efe29-d14b-4dad-b191-167313cceb3b,cf4efe29-d14b-4dad-b191-167313cceb3b
FIFO,33755416-126e-4e67-95a7-cbe845bf39a7,33755416-126e-4e67-95a7-cbe845bf39a7
FIFO,5d8e3758-862c-4e02-be44-e97585831771,5d8e3758-862c-4e02-be44-e97585831771
FIFO,ce0a45e8-ea18-44a3-9c83-effedaeec9d7,ce0a45e8-ea18-44a3-9c83-effedaeec9d7
FIFO,2de1c391-4317-4f5f-9834-6769bd1315dd,2de1c391-4317-4f5f-9834-6769bd1315dd
FIFO,7b24f9f2-ae9e-4b40-afea-7dc9de434c04,7b24f9f2-ae9e-4b40-afea-7dc9de434c04
FIFO,8521ade0-56a7-41b3-9730-b8067ef5a5e3,8521ade0-56a7-41b3-9730-b8067ef5a5e3
FIFO,c6865a63-f3fc-4c48-b616-e09c8d1257fc,c6865a63-f3fc-4c48-b616-e09c8d1257fc
FIFO,c48dffef-5c8b-4587-8d91-7377717db8e6,c48dffef-5c8b-4587-8d91-7377717db8e6
FIFO,652bb99e-286e-457a-afd4-3b8f0eaa56df,652bb99e-286e-457a-afd4-3b8f0eaa56df
FIFO,4cda2b99-153e-48c4-8376-6a385bc227f2,4cda2b99-153e-48c4-8376-6a385bc227f2
FIFO,b922109d-608d-44bb-abad-b7b218c557b3,b922109d-608d-44bb-abad-b7b218c557b3
FIFO,3244e1e8-d3c7-4a9b-918e-40a25b0d0d64,3244e1e8-d3c7-4a9b-918e-40a25b0d0d64
FIFO,f405703d-b5c5-49d1-9c93-7b1a981ab24c,f405703d-b5c5-49d1-9c93-7b1a981ab24c
FIFO,2cf832f0-8d60-4020-b9e9-daa0e66cb89b,2cf832f0-8d60-4020-b9e9-daa0e66cb89b
FIFO,9707d4b7-3a61-45e4-bd88-e3df061fcb04,9707d4b7-3a61-45e4-bd88-e3df061fcb04
FIFO,a9a6674c-8101-4065-9a70-9b4ffe1a4409,a9a6674c-8101-4065-9a70-9b4ffe1a4409
FIFO,a17d94cc-ee94-425d-9c05-0219fe1289ce,a17d94cc-ee94-425d-9c05-0219fe1289ce
FIFO,6865c50a-b35f-433a-bf21-27c038be45cf,6865c50a-b35f-433a-bf21-27c038be45cf
FIFO,46ed3d8a-4bca-4609-acc7-7567f917eab4,46ed3d8a-4bca-4609-acc7-7567f917eab4
FIFO,95cbb532-6f0a-4730-a6d4-ccbb1b9b5246,95cbb532-6f0a-4730-a6d4-ccbb1b9b5246
FIFO,e59ccac0-78a4-4b97-bd42-21ca3d8dbb49,e59ccac0-78a4-4b97-bd42-21ca3d8dbb49
FIFO,6f01ca7d-bdd6-46d6-a30d-f4be96f2da0c,6f01ca7d-bdd6-46d6-a30d-f4be96f2da0c
FIFO,2b2629c3-189b-4cf6-8ee1-19c24b622e64,2b2629c3-189b-4cf6-8ee1-19c24b622e64
FIFO,1b469b94-461e-416e-9a3a-8f37660229ee,1b469b94-461e-416e-9a3a-8f37660229ee
FIFO,bfa5e099-6f3b-47e6-87f5-43816a1e7c39,bfa5e099-6f3b-47e6-87f5-43816a1e7c39
FIFO,4317643f-ce70-4be0-a09a-69f295dd0ad3,4317643f-ce70-4be0-a09a-69f295dd0ad3
FIFO,c382965d-38d1-4a4a-b3f0-6d94fdad931b,c382965d-38d1-4a4a-b3f0-6d94fdad931b
FIFO,090d6063-4793-49c6-b0be-45282d942c53,090d6063-4793-49c6-b0be-45282d942c53
FIFO,d55d1cc2-1239-4e56-b0c6-fd3f9fcc85d1,d55d1cc2-1239-4e56-b0c6-fd3f9fcc85d1
FIFO,882e703a-937d-4a17-af4a-94b4662fcccc,882e703a-937d-4a17-af4a-94b4662fcccc
FIFO,e1273ebb-707b-4ab4-a51f-64ab695cdd76,e1273ebb-707b-4ab4-a51f-64ab695cdd76
FIFO,cb55950d-c8c2-4368-9b8d-230d6009fed4,cb55950d-c8c2-4368-9b8d-230d6009fed4
FIFO,41045602-681e-4a60-bdc0-d529c7658a61,41045602-681e-4a60-bdc0-d529c7658a61
FIFO,11f4c857-f899-4a4d-9ddc-789640c7f978,11f4c857-f899-4a4d-9ddc-789640c7f978
FIFO,707b9a0d-e280-4f3b-a7b8-d6900b52ed2d,707b9a0d-e280-4f3b-a7b8-d6900b52ed2d
FIFO,11083c08-ab49-490e-bf67-5a2dfbb8bcfb,11083c08-ab49-490e-bf67-5a2dfbb8bcfb
FIFO,f44f06e2-7a22-4a87-9862-cce7b85aa820,f44f06e2-7a22-4a87-9862-cce7b85aa820
FIFO,79ed7ee1-a52a-45c5-9326-32c8aac402e3,79ed7ee1-a52a-45c5-9326-32c8aac402e3
FIFO,a1ca875d-1d37-4bdd-8165-8247bf24e846,a1ca875d-1d37-4bdd-8165-8247bf24e846
FIFO,1133b7dd-1025-4af5-b622-720b79fca9f7,1133b7dd-1025-4af5-b622-720b79fca9f7
FIFO,1343fe86-b1f5-4870-9e7e-53c354ceb78a,1343fe86-b1f5-4870-9e7e-53c354ceb78a
FIFO,e64b4f4d-b05d-40d1-a063-49631ddc69ee,e64b4f4d-b05d-40d1-a063-49631ddc69ee
FIFO,53169fa3-dca6-4fe9-9d1e-8c05b265176e,53169fa3-dca6-4fe9-9d1e-8c05b265176e
FIFO,c3f00744-63f5-4fe7-9ee2-69edac4f634b,c3f00744-63f5-4fe7-9ee2-69edac4f634b
FIFO,7324e029-6f8f-48d7-b606-602ae9db6d63,7324e029-6f8f-48d7-b606-602ae9db6d63
FIFO,c8e70a89-c63f-4e07-b1c6-6a83b89c49ad,c8e70a89-c63f-4e07-b1c6-6a83b89c49ad
FIFO,37aa035b-a8ce-416f-95c2-7b298b73a3af,37aa035b-a8ce-416f-95c2-7b298b73a3af
FIFO,b82e9406-9de6-49cb-936f-cd01fe742a06,b82e9406-9de6-49cb-936f-cd01fe742a06
FIFO,46a131e5-41cb-4279-bf05-727fcb7b385a,46a131e5-41cb-4279-bf05-727fcb7b385a
FIFO,e07d749c-dc6d-4a2e-9f2c-9875ff91031d,e07d749c-dc6d-4a2e-9f2c-9875ff91031d
FIFO,ba101bd2-5755-4362-b4d6-ea281419b845,ba101bd2-5755-4362-b4d6-ea281419b845
FIFO,36549ce1-995b-4419-8a1c-5c213483a32c,36549ce1-995b-4419-8a1c-5c213483a32c
FIFO,efa8d40f-c456-4526-9f9a-323e9af59050,efa8d40f-c456-4526-9f9a-323e9af59050
FIFO,283b2900-c133-4865-8109-0fb4b5391de8,283b2900-c133-4865-8109-0fb4b5391de8
FIFO,21440e04-6dab-4f5e-8df1-10562059c63e,21440e04-6dab-4f5e-8df1-10562059c63e
FIFO,27f7e911-5a50-4c9a-ac25-0a41b01404f6,27f7e911-5a50-4c9a-ac25-0a41b01404f6
FIFO,5675ce40-a323-440f-a1c8-eeca2b84e709,5675ce40-a323-440f-a1c8-eeca2b84e709
FIFO,f9dbd24d-3e20-4a59-8d1e-2e4fa8af9c0a,f9dbd24d-3e20-4a59-8d1e-2e4fa8af9c0a
FIFO,e1e2ba5d-2233-4950-9390-dcaf2ec1fccd,e1e2ba5d-2233-4950-9390-dcaf2ec1fccd
FIFO,63cbcd5d-26d8-4d23-a552-8bd4c3bffc26,63cbcd5d-26d8-4d23-a552-8bd4c3bffc26
FIFO,dc9b32ea-7fa6-41f2-8a79-24ae4b526f33,dc9b32ea-7fa6-41f2-8a79-24ae4b526f33
FIFO,c26ec264-d9cf-4a50-bbc1-87ce42b96223,c26ec264-d9cf-4a50-bbc1-87ce42b96223
FIFO,9a152fc7-e3fd-4a7f-b94b-541cb24b6b11,9a152fc7-e3fd-4a7f-b94b-541cb24b6b11
FIFO,b2b476bd-5475-45e9-b26a-3c66629d9664,b2b476bd-5475-45e9-b26a-3c66629d9664
FIFO,4a395e17-457d-4699-9404-50a9b42571cf,4a395e17-457d-4699-9404-50a9b42571cf
FIFO,54903b12-29a2-4f9e-8c8a-77122e4c489f,54903b12-29a2-4f9e-8c8a-77122e4c489f
FIFO,cb81f456-bb37-415f-aa95-be653e34eed5,cb81f456-bb37-415f-aa95-be653e34eed5
FIFO,ddfba7db-49e3-4a06-a7d5-4f58317be6fd,ddfba7db-49e3-4a06-a7d5-4f58317be6fd
FIFO,b4b4fa24-88d3-431a-a528-35c13cbcace2,b4b4fa24-88d3-431a-a528-35c13cbcace2
FIFO,3599aae7-0305-4b2e-9db3-d3bd12dfce08,3599aae7-0305-4b2e-9db3-d3bd12dfce08
FIFO,d1cd11ef-cb08-492a-8453-a35af5b54059,d1cd11ef-cb08-492a-8453-a35af5b54059
FIFO,f563e8ee-3e69-4666-96d4-be6302b154a7,f563e8ee-3e69-4666-96d4-be6302b154a7
FIFO,e32ed958-eba5-4ae7-be64-589cfa4a760c,e32ed958-eba5-4ae7-be64-589cfa4a760c
FIFO,498879c4-9171-4cc6-848f-9c2a88f9944f,498879c4-9171-4cc6-848f-9c2a88f9944f
FIFO,4efdfe64-3678-45b0-9920-548734c648e2,4efdfe64-3678-45b0-9920-548734c648e2
FIFO,7e48a5c3-f3ae-42e6-aeb2-385b263bf00f,7e48a5c3-f3ae-42e6-aeb2-385b263bf00f
FIFO,fd351a9b-db42-4274-bbb1-ee5aa2b75362,fd351a9b-db42-4274-bbb1-ee5aa2b75362
FIFO,c1448f32-0c1f-4a07-a4fc-ca152144475f,c1448f32-0c1f-4a07-a4fc-ca152144475f
FIFO,8e74cc30-eca4-4adc-beb2-d35aed2d2205,8e74cc30-eca4-4adc-beb2-d35aed2d2205
FIFO,69ad2e37-50e6-459a-be3b-c8edd8eaae54,69ad2e37-50e6-459a-be3b-c8edd8eaae54
FIFO,35c5ea07-00ef-4d51-91fa-875dd3f6c7dc,35c5ea07-00ef-4d51-91fa-875dd3f6c7dc
FIFO,a1899b6b-c911-4510-b351-d5a19f679498,a1899b6b-c911-4510-b351-d5a19f679498
FIFO,d317dc33-10c9-4589-b1e0-1adcc14f0f45,d317dc33-10c9-4589-b1e0-1adcc14f0f45
FIFO,2b6e1d53-d7fa-4b98-8bee-7d83dae2e37d,2b6e1d53-d7fa-4b98-8bee-7d83dae2e37d
FIFO,388bd092-8fd1-409f-a920-2768e3084556,388bd092-8fd1-409f-a920-2768e3084556
FIFO,01aba875-171b-4297-85ad-f3b219c040fe,01aba875-171b-4297-85ad-f3b219c040fe
FIFO,df0c7a0d-2e97-4083-b3fb-76ca4a0c41a2,df0c7a0d-2e97-4083-b3fb-76ca4a0c41a2
FIFO,a6131a2f-fcde-4e43-b4a8-5e85c1140ac4,a6131a2f-fcde-4e43-b4a8-5e85c1140ac4
FIFO,6149ecb8-50c4-4cf2-bdbd-d0da2bceb991,6149ecb8-50c4-4cf2-bdbd-d0da2bceb991
FIFO,7f7896ff-266a-449b-bd85-c83898cb8913,7f7896ff-266a-449b-bd85-c83898cb8913
FIFO,c836b9fb-caf0-44c9-9902-e73cc0d6f993,c836b9fb-caf0-44c9-9902-e73cc0d6f993
FIFO,cadd8612-2047-43c4-b6ae-7aeac56fe61e,cadd8612-2047-43c4-b6ae-7aeac56fe61e
FIFO,fe26354d-e4fb-45cd-ab05-131d3db876a5,fe26354d-e4fb-45cd-ab05-131d3db876a5
FIFO,1e3dd6fa-b23d-44f4-b332-e3685e3f796c,1e3dd6fa-b23d-44f4-b332-e3685e3f796c
FIFO,4e74f9a5-0253-47bb-a3a2-6d7a8463ed57,4e74f9a5-0253-47bb-a3a2-6d7a8463ed57
FIFO,8c9975ae-552c-46c0-9a9a-b1981d0c6f59,8c9975ae-552c-46c0-9a9a-b1981d0c6f59
FIFO,9d1c150c-764d-4dab-9500-675d5b0b827d,9d1c150c-764d-4dab-9500-675d5b0b827d
FIFO,2989f9b2-67e4-4f5d-aa94-9d9190563cf9,2989f9b2-67e4-4f5d-aa94-9d9190563cf9
FIFO,79023bfc-33e7-4dd4-bcea-d14f682419a0,79023bfc-33e7-4dd4-bcea-d14f682419a0
FIFO,89b80e08-fa8e-4561-a452-358d4ccaddeb,89b80e08-fa8e-4561-a452-358d4ccaddeb
FIFO,8ca3ff59-c3c4-4300-b244-8674cc43c525,8ca3ff59-c3c4-4300-b244-8674cc43c525
FIFO,5370b544-6f4e-435b-a587-01f02f59050c,5370b544-6f4e-435b-a587-01f02f59050c
FIFO,98371992-06cc-4278-b97f-618c0c5f0da3,98371992-06cc-4278-b97f-618c0c5f0da3
FIFO,3c0b2700-5287-4320-a92d-2893d5767634,3c0b2700-5287-4320-a92d-2893d5767634
FIFO,5457e443-ff3b-441b-b10a-f6ff4bfb8a4d,5457e443-ff3b-441b-b10a-f6ff4bfb8a4d
FIFO,310e2e79-511e-45e8-a18c-281365203cd2,310e2e79-511e-45e8-a18c-281365203cd2
FIFO,ac7799d6-b25d-4006-9f41-3ac17f70eb35,ac7799d6-b25d-4006-9f41-3ac17f70eb35
FIFO,b7ba41c7-6324-4b9b-9be8-9d45a063b6b9,b7ba41c7-6324-4b9b-9be8-9d45a063b6b9
FIFO,ac2c3ae7-5535-4a7c-9698-8dbf5f46a19c,ac2c3ae7-5535-4a7c-9698-8dbf5f46a19c
FIFO,3cc1a1ed-f080-448e-958b-d5ec12808b48,3cc1a1ed-f080-448e-958b-d5ec12808b48
FIFO,0cfb0e1c-5cea-4557-897b-d0727f2435fb,0cfb0e1c-5cea-4557-897b-d0727f2435fb
FIFO,264ae5bd-c00f-4a74-ba39-60d794c469b3,264ae5bd-c00f-4a74-ba39-60d794c469b3
FIFO,f593334d-6af7-422c-8911-197b9a32cb9f,f593334d-6af7-422c-8911-197b9a32cb9f
FIFO,3f573fa8-a45f-4400-94dc-500ceb43f349,3f573fa8-a45f-4400-94dc-500ceb43f349
FIFO,c667450a-733b-4ee1-8e68-9ff26548f264,c667450a-733b-4ee1-8e68-9ff26548f264
FIFO,a2d38b03-42de-4f61-987a-3ffc2037d238,a2d38b03-42de-4f61-987a-3ffc2037d238
FIFO,f202b59b-f84a-4c79-90a7-99335999c146,f202b59b-f84a-4c79-90a7-99335999c146
FIFO,0356b5f4-bf37-4b0b-b221-63dc440208f9,0356b5f4-bf37-4b0b-b221-63dc440208f9
FIFO,b81b86b9-ed44-4f20-93f9-a0775563e017,b81b86b9-ed44-4f20-93f9-a0775563e017
FIFO,86649873-06ae-4d0c-9ab3-085afa1b21fb,86649873-06ae-4d0c-9ab3-085afa1b21fb
FIFO,495cd6a2-3fb2-4bea-a4ef-46093a5f8d55,495cd6a2-3fb2-4bea-a4ef-46093a5f8d55
FIFO,34fbde76-ce43-4afa-8607-7af085093b95,34fbde76-ce43-4afa-8607-7af085093b95
FIFO,29217248-3a37-4ae4-bf3c-4a564fbacc4e,29217248-3a37-4ae4-bf3c-4a564fbacc4e
FIFO,371d176e-c027-4169-99ce-b3ebc8410d45,371d176e-c027-4169-99ce-b3ebc8410d45
FIFO,aae1fc28-179b-44e2-b639-e0c636b77314,aae1fc28-179b-44e2-b639-e0c636b77314
FIFO,258b1dd3-fe76-44ea-936e-5ae5f0c5651d,258b1dd3-fe76-44ea-936e-5ae5f0c5651d
FIFO,446e101a-400d-4b8b-a0f9-69194f6b6f71,446e101a-400d-4b8b-a0f9-69194f6b6f71
FIFO,9198d0d9-28c0-44c4-8abf-354f721c34d9,9198d0d9-28c0-44c4-8abf-354f721c34d9
FIFO,18e1fa62-bb57-4f05-bc0e-dc78257aaed3,18e1fa62-bb57-4f05-bc0e-dc78257aaed3
FIFO,9c8cdb04-3854-48b0-b528-9d6f7c01b589,9c8cdb04-3854-48b0-b528-9d6f7c01b589
FIFO,68e70918-9d4f-4519-8908-7ad41dd24e04,68e70918-9d4f-4519-8908-7ad41dd24e04
FIFO,f42703d3-58bb-4a06-8d39-ac0717b3866a,f42703d3-58bb-4a06-8d39-ac0717b3866a
FIFO,eb25a3de-9bcb-4016-9630-a39961e4be5d,eb25a3de-9bcb-4016-9630-a39961e4be5d
FIFO,8feb289b-638a-4474-8153-0507e844ae42,8feb289b-638a-4474-8153-0507e844ae42
FIFO,8cea0db2-d4a8-4fd9-a48b-151f2072456b,8cea0db2-d4a8-4fd9-a48b-151f2072456b
FIFO,51db6b3c-e4bd-40e1-8614-f4a34d8f3b2f,51db6b3c-e4bd-40e1-8614-f4a34d8f3b2f
FIFO,465a6fad-b136-4012-93dd-5e9eda06347d,465a6fad-b136-4012-93dd-5e9eda06347d
FIFO,4b1689c1-3272-445d-8300-dee4a7a7dbcf,4b1689c1-3272-445d-8300-dee4a7a7dbcf
FIFO,6da1d889-bafe-4f9f-a18e-0e2e58465a61,6da1d889-bafe-4f9f-a18e-0e2e58465a61
FIFO,f512667b-1c94-4a09-9fc5-45511c770f73,f512667b-1c94-4a09-9fc5-45511c770f73
FIFO,47396c56-11db-441f-b9c5-4ba09164be4a,47396c56-11db-441f-b9c5-4ba09164be4a
FIFO,144170ae-8624-4f41-8930-b744f51b58c3,144170ae-8624-4f41-8930-b744f51b58c3
FIFO,33e934a3-2ed0-4f76-b5ad-24a473c90f31,33e934a3-2ed0-4f76-b5ad-24a473c90f31
FIFO,0c2bddbd-bd5a-409a-aa3b-64a6ddba584c,0c2bddbd-bd5a-409a-aa3b-64a6ddba584c
FIFO,60ca5dbc-ba11-45ff-9693-0a8472267f3c,60ca5dbc-ba11-45ff-9693-0a8472267f3c
FIFO,8a46611c-de4d-4e1b-832d-ee3b3c1ca50f,8a46611c-de4d-4e1b-832d-ee3b3c1ca50f
FIFO,537ad08d-fe46-451f-8de6-10b9a1c48355,537ad08d-fe46-451f-8de6-10b9a1c48355
FIFO,7f9cf848-fbb5-456e-b4a0-6060b7011fac,7f9cf848-fbb5-456e-b4a0-6060b7011fac
FIFO,a2f44d86-4fff-45b4-887b-3ff18ae601cd,a2f44d86-4fff-45b4-887b-3ff18ae601cd
FIFO,cb3a4141-ab24-4808-a71c-ad6d4b7de754,cb3a4141-ab24-4808-a71c-ad6d4b7de754
FIFO,e0c58948-e990-412b-a48e-efe5d7a48f78,e0c58948-e990-412b-a48e-efe5d7a48f78
FIFO,b3bd47bf-270c-456d-9dfa-6a0c09ba20e5,b3bd47bf-270c-456d-9dfa-6a0c09ba20e5
FIFO,003c5299-3cee-4812-ad89-acf662c27fe4,003c5299-3cee-4812-ad89-acf662c27fe4
FIFO,0ec6e074-de62-424d-8b35-5a6559ae29d0,0ec6e074-de62-424d-8b35-5a6559ae29d0
FIFO,a8648637-ca3a-4c06-ba07-0febb9e9da19,a8648637-ca3a-4c06-ba07-0febb9e9da19
FIFO,40691b9f-8da7-4c39-88e6-144902c1f65c,40691b9f-8da7-4c39-88e6-144902c1f65c
FIFO,faedf71b-9c33-4f2e-b663-364c73e5f05a,faedf71b-9c33-4f2e-b663-364c73e5f05a
FIFO,8aecc11f-22ca-47d1-b411-f966fc63ebcb,8aecc11f-22ca-47d1-b411-f966fc63ebcb
FIFO,74c0ecf1-7abd-4bd7-933f-10ea17e8c555,74c0ecf1-7abd-4bd7-933f-10ea17e8c555
FIFO,997e86f4-c018-4354-903d-65ce712f0010,997e86f4-c018-4354-903d-65ce712f0010
FIFO,8411a1a1-1eb6-4c75-8479-bf42e36005ab,8411a1a1-1eb6-4c75-8479-bf42e36005ab
FIFO,d36cae15-aeb5-43ca-bb96-9685b7a93a65,d36cae15-aeb5-43ca-bb96-9685b7a93a65
FIFO,db0efafd-c40e-42f6-9b1c-ba56aaf8cc97,db0efafd-c40e-42f6-9b1c-ba56aaf8cc97
FIFO,3ff06e2f-d3b7-4ce0-9a11-a546f8567258,3ff06e2f-d3b7-4ce0-9a11-a546f8567258
FIFO,d0c096d7-1bc3-4a99-9186-b5bb24171b2e,d0c096d7-1bc3-4a99-9186-b5bb24171b2e
FIFO,cb69c487-894f-4c01-bbb6-96379dc44d7d,cb69c487-894f-4c01-bbb6-96379dc44d7d
FIFO,824e47da-8fec-479d-9654-f12a482f7c78,824e47da-8fec-479d-9654-f12a482f7c78
FIFO,e2089aa5-ef63-4ea6-ad9f-205f1b5a966f,e2089aa5-ef63-4ea6-ad9f-205f1b5a966f
FIFO,19f4a0ab-d837-4fcc-8b8c-fbd9be57d001,19f4a0ab-d837-4fcc-8b8c-fbd9be57d001
FIFO,9703ddc0-b375-4392-bd15-800544646bf1,9703ddc0-b375-4392-bd15-800544646bf1
FIFO,6175a735-80c4-4986-bb35-57e8fb3a0e3c,6175a735-80c4-4986-bb35-57e8fb3a0e3c
FIFO,49470eaf-41dc-4453-8d60-8bc3d1391b50,49470eaf-41dc-4453-8d60-8bc3d1391b50
FIFO,f3c1c406-828c-4049-bc2f-3bc95e102590,f3c1c406-828c-4049-bc2f-3bc95e102590
FIFO,50bd224e-8202-49a7-942d-aff4b1143a02,50bd224e-8202-49a7-942d-aff4b1143a02
FIFO,10ce139f-cd04-48ef-bcc0-df2c7adbc73c,10ce139f-cd04-48ef-bcc0-df2c7adbc73c
FIFO,faaf34a6-5f45-4b09-b24f-adaf18def751,faaf34a6-5f45-4b09-b24f-adaf18def751
FIFO,5eb27255-4eba-43ef-b652-874b1ea974b7,5eb27255-4eba-43ef-b652-874b1ea974b7
FIFO,b6b3612e-670a-472f-a856-342f0c3903f5,b6b3612e-670a-472f-a856-342f0c3903f5
FIFO,e676a2ad-40d5-4c64-8de5-a2a030c3fb7b,e676a2ad-40d5-4c64-8de5-a2a030c3fb7b
FIFO,1d31ca5d-34d9-45d2-b3a0-e05282607c8a,1d31ca5d-34d9-45d2-b3a0-e05282607c8a
FIFO,1d1db9e3-ec1b-4caa-9ae2-44cceff83a10,1d1db9e3-ec1b-4caa-9ae2-44cceff83a10
FIFO,ded245fa-7429-49c0-a93d-569160812d42,ded245fa-7429-49c0-a93d-569160812d42
FIFO,ef696f6d-61b2-4b2a-83a2-d4d1cfaa058a,ef696f6d-61b2-4b2a-83a2-d4d1cfaa058a
FIFO,c71ee1a2-56dc-4ce3-a2bd-196747c78e19,c71ee1a2-56dc-4ce3-a2bd-196747c78e19
FIFO,e8c04933-d4bd-4097-96b6-8a3f19e8753f,e8c04933-d4bd-4097-96b6-8a3f19e8753f
FIFO,0fc20c58-e9a0-4869-a8c5-4ef427e46fea,0fc20c58-e9a0-4869-a8c5-4ef427e46fea
FIFO,7a862018-eb15-422f-a416-b98ee0bea0c4,7a862018-eb15-422f-a416-b98ee0bea0c4
FIFO,1dd27afd-b43d-4246-8580-d5d11080570f,1dd27afd-b43d-4246-8580-d5d11080570f
FIFO,136ac9af-839d-4ac8-922a-18fa3dbbfe39,136ac9af-839d-4ac8-922a-18fa3dbbfe39
FIFO,f1e687f9-bf06-49ed-8318-f618b669bb12,f1e687f9-bf06-49ed-8318-f618b669bb12
FIFO,7b8b9f1e-901a-411e-a718-af91201979c1,7b8b9f1e-901a-411e-a718-af91201979c1
FIFO,a69d8ae1-e991-464e-acc4-6812e18ec96d,a69d8ae1-e991-464e-acc4-6812e18ec96d
FIFO,5c30dbf9-24dc-428b-8da4-e093834acff0,5c30dbf9-24dc-428b-8da4-e093834acff0
FIFO,018e8ec7-7283-44b3-bd2d-8e0d77313aed,018e8ec7-7283-44b3-bd2d-8e0d77313aed
FIFO,ca551ebb-5e15-4720-9c93-453890a6b913,ca551ebb-5e15-4720-9c93-453890a6b913
FIFO,69cb36cb-c217-4873-93a8-c39f0feb2fa8,69cb36cb-c217-4873-93a8-c39f0feb2fa8
FIFO,4579d67d-a66f-44ec-a51e-923c164bccce,4579d67d-a66f-44ec-a51e-923c164bccce
FIFO,e2178dda-c16c-4e10-985f-a35bcc553f04,e2178dda-c16c-4e10-985f-a35bcc553f04
FIFO,f0f5c846-3edf-4181-9b24-71deb7926ab4,f0f5c846-3edf-4181-9b24-71deb7926ab4
FIFO,f5d6d026-a9bb-4ca7-9f51-3f016c7e8b2a,f5d6d026-a9bb-4ca7-9f51-3f016c7e8b2a
FIFO,72b5fa53-c163-4af1-bd30-d0bc5dd56963,72b5fa53-c163-4af1-bd30-d0bc5dd56963
FIFO,9514c784-dd1d-4b97-871c-861939ee4665,9514c784-dd1d-4b97-871c-861939ee4665
FIFO,5a028cf4-30fc-48bb-bc66-9705e3b51d75,5a028cf4-30fc-48bb-bc66-9705e3b51d75
FIFO,42cabfa2-db26-481b-a9ff-9731cb855540,42cabfa2-db26-481b-a9ff-9731cb855540
FIFO,5c9f8bc7-329e-42b0-a376-bbaf8f948f83,5c9f8bc7-329e-42b0-a376-bbaf8f948f83
FIFO,15b37947-0f84-48b7-8003-c2de350288d2,15b37947-0f84-48b7-8003-c2de350288d2
FIFO,2bd6d092-3a4e-43ee-9eb9-d95c13bfdd1f,2bd6d092-3a4e-43ee-9eb9-d95c13bfdd1f
FIFO,4318a7f9-254f-422b-a328-5b8fe8ffbc35,4318a7f9-254f-422b-a328-5b8fe8ffbc35
FIFO,730bcc82-fe78-437e-8a50-a6233f7c0b3a,730bcc82-fe78-437e-8a50-a6233f7c0b3a
FIFO,d48da67f-dbe7-44cb-a329-b04e2f333782,d48da67f-dbe7-44cb-a329-b04e2f333782
FIFO,9bf05223-c9dc-4067-9565-ef1fb3cb8c60,9bf05223-c9dc-4067-9565-ef1fb3cb8c60
FIFO,6242c261-ab74-4ccf-b2c8-76e2fd832987,6242c261-ab74-4ccf-b2c8-76e2fd832987
FIFO,081049eb-5517-4cbf-9657-ade9b4a15f73,081049eb-5517-4cbf-9657-ade9b4a15f73
FIFO,f04181ce-d37a-440f-a9f2-ea4549d7e1b8,f04181ce-d37a-440f-a9f2-ea4549d7e1b8
FIFO,eb06061c-2e67-4fd3-8190-e59565bf3ea5,eb06061c-2e67-4fd3-8190-e59565bf3ea5
FIFO,fce1e42e-462e-47d3-a868-6251acf99acf,fce1e42e-462e-47d3-a868-6251acf99acf
FIFO,b36f1ed7-662c-4611-a700-3145cb52f6e8,b36f1ed7-662c-4611-a700-3145cb52f6e8
FIFO,f2612ab6-e0cc-46c9-bf56-367f532b5d1e,f2612ab6-e0cc-46c9-bf56-367f532b5d1e
FIFO,f0dcc495-b13d-449c-b7ac-25b0508d68b7,f0dcc495-b13d-449c-b7ac-25b0508d68b7
FIFO,d3bb8ca8-afb6-4ea2-b9db-0e91f2cb87ff,d3bb8ca8-afb6-4ea2-b9db-0e91f2cb87ff
FIFO,9e0d67f9-4150-4302-a071-5acb357e7c96,9e0d67f9-4150-4302-a071-5acb357e7c96
FIFO,80858f90-1998-42ef-bc8a-a674c1a20790,80858f90-1998-42ef-bc8a-a674c1a20790
FIFO,77f573f9-e8cd-485d-b2e9-fd8fd2836608,77f573f9-e8cd-485d-b2e9-fd8fd2836608
FIFO,cc286e7c-7879-43dc-ba84-fca1cc56dbb9,cc286e7c-7879-43dc-ba84-fca1cc56dbb9
FIFO,7f78af4f-f0a7-440a-af32-aafbd741483b,7f78af4f-f0a7-440a-af32-aafbd741483b
FIFO,25a0725f-c2a2-4e1a-922c-a915d2d03fdf,25a0725f-c2a2-4e1a-922c-a915d2d03fdf
FIFO,018349f3-3073-4adb-86e3-0c2134346069,018349f3-3073-4adb-86e3-0c2134346069
FIFO,8d72db79-4c7b-40bf-9f43-fe3559b6caee,8d72db79-4c7b-40bf-9f43-fe3559b6caee
FIFO,79cfabaf-466b-4021-a834-43b9d93c77c7,79cfabaf-466b-4021-a834-43b9d93c77c7
FIFO,4c584276-8dae-4c6a-a185-cbd4cbc485e9,4c584276-8dae-4c6a-a185-cbd4cbc485e9
FIFO,43ad74ad-59c6-4659-a2ac-e464109a702b,43ad74ad-59c6-4659-a2ac-e464109a702b
FIFO,3675c541-5d4c-48fc-a025-cfe0d770dab4,3675c541-5d4c-48fc-a025-cfe0d770dab4
FIFO,990ce9b7-1dfd-4b61-83ca-36ef8d605a6c,990ce9b7-1dfd-4b61-83ca-36ef8d605a6c
FIFO,7da0635c-a4f7-435f-878e-f18a967c201f,7da0635c-a4f7-435f-878e-f18a967c201f
FIFO,091b7a8f-2e27-4141-9387-10171c8c677a,091b7a8f-2e27-4141-9387-10171c8c677a
FIFO,12f9ee3a-f13a-462f-9991-79dc624a7db5,12f9ee3a-f13a-462f-9991-79dc624a7db5
FIFO,f6e75752-a6e5-4512-8891-dd43087540ec,f6e75752-a6e5-4512-8891-dd43087540ec
FIFO,103f60d3-102e-475d-8b1f-557d852f3584,103f60d3-102e-475d-8b1f-557d852f3584
FIFO,c0b7e81e-b4cb-4ba5-9bc5-8da979efcf43,c0b7e81e-b4cb-4ba5-9bc5-8da979efcf43
FIFO,a33698e8-e6d2-4a1a-8108-b91cba6ead57,a33698e8-e6d2-4a1a-8108-b91cba6ead57
FIFO,fd5d639a-c34d-44a3-9a24-07caaf25b3f1,fd5d639a-c34d-44a3-9a24-07caaf25b3f1
FIFO,7ce8a810-e50c-40fe-a121-4dffa1d7fbaf,7ce8a810-e50c-40fe-a121-4dffa1d7fbaf
FIFO,287c7bef-8232-40dc-b723-aef74c779b1c,287c7bef-8232-40dc-b723-aef74c779b1c
FIFO,98338c7f-7ef3-4490-a79c-4599b8fb30f6,98338c7f-7ef3-4490-a79c-4599b8fb30f6
FIFO,a796f616-c4b4-42bc-8280-2f2cd800222a,a796f616-c4b4-42bc-8280-2f2cd800222a
FIFO,71397391-e19c-48e6-856d-0cecfd3c7927,71397391-e19c-48e6-856d-0cecfd3c7927
FIFO,39eda112-1538-4e7b-82c0-b1085a4319c3,39eda112-1538-4e7b-82c0-b1085a4319c3
FIFO,27f36a2e-23d6-4b47-89b1-f66408aa5b95,27f36a2e-23d6-4b47-89b1-f66408aa5b95
FIFO,04f425e6-cd2d-4680-85bb-06aa11655746,04f425e6-cd2d-4680-85bb-06aa11655746
FIFO,2c97be25-2c73-4f6e-a464-6f960a10a2d3,2c97be25-2c73-4f6e-a464-6f960a10a2d3
FIFO,a6887d09-7c0a-44b0-8e8d-fb53e3bb967a,a6887d09-7c0a-44b0-8e8d-fb53e3bb967a
FIFO,0486e5be-e0d9-47d5-b380-f0be83723c19,0486e5be-e0d9-47d5-b380-f0be83723c19
FIFO,64113ddc-e934-4ec7-acfd-926fba921652,64113ddc-e934-4ec7-acfd-926fba921652
FIFO,221c8d31-3330-46ab-ab16-fae7454d0f99,221c8d31-3330-46ab-ab16-fae7454d0f99
FIFO,ce89f8b0-7600-47df-afe3-db4522f50fa7,ce89f8b0-7600-47df-afe3-db4522f50fa7
FIFO,98ef434f-fd32-41b2-a573-0fdb0a483283,98ef434f-fd32-41b2-a573-0fdb0a483283
FIFO,35558229-17e3-4309-bdb5-9b6e551f3782,35558229-17e3-4309-bdb5-9b6e551f3782
FIFO,c8ba01f5-3add-4540-ad15-045f520e7672,c8ba01f5-3add-4540-ad15-045f520e7672
FIFO,16e4c3a0-5e70-4177-8664-f8e3cfb595d8,16e4c3a0-5e70-4177-8664-f8e3cfb595d8
FIFO,108a5a74-d7cf-4232-9bd4-287a1cce3f71,108a5a74-d7cf-4232-9bd4-287a1cce3f71
FIFO,cf72a9d3-5c06-49fd-aae1-5301b772ea8f,cf72a9d3-5c06-49fd-aae1-5301b772ea8f
FIFO,3cf6d61e-59c3-4ec9-83bf-5674e534ef4c,3cf6d61e-59c3-4ec9-83bf-5674e534ef4c
FIFO,03dddb0f-1a15-4bcb-aad5-c4e0a3de5b23,03dddb0f-1a15-4bcb-aad5-c4e0a3de5b23
FIFO,bcc57636-94b0-4be0-88b7-9d5d262ec1af,bcc57636-94b0-4be0-88b7-9d5d262ec1af
FIFO,a967a152-cf57-4c56-88a0-373f21b008f9,a967a152-cf57-4c56-88a0-373f21b008f9
FIFO,64b5abd8-2152-4c52-a84e-5e2e351e1587,64b5abd8-2152-4c52-a84e-5e2e351e1587
FIFO,c0b18920-dbf2-40a9-bf44-83753b0e485d,c0b18920-dbf2-40a9-bf44-83753b0e485d
FIFO,42d6e13b-6346-4929-baaf-bfb935128e68,42d6e13b-6346-4929-baaf-bfb935128e68
FIFO,6d3df4f9-f5e6-48b8-8e87-9ec738b93aea,6d3df4f9-f5e6-48b8-8e87-9ec738b93aea
FIFO,e99c6cf3-05ea-412d-bf73-fcc59bd1a2ef,e99c6cf3-05ea-412d-bf73-fcc59bd1a2ef
FIFO,d3592519-f0fa-49f4-ab6d-efac436db4e2,d3592519-f0fa-49f4-ab6d-efac436db4e2
FIFO,4f32eca3-47a8-4724-91aa-3d9d2121866d,4f32eca3-47a8-4724-91aa-3d9d2121866d
FIFO,d37281fd-90c3-4934-8e98-a19e1396a749,d37281fd-90c3-4934-8e98-a19e1396a749
FIFO,a2ae6ba4-4dc5-41af-8c7b-7f1f847ee223,a2ae6ba4-4dc5-41af-8c7b-7f1f847ee223
FIFO,13e6875e-8aaf-4ed3-becf-252fb4c79590,13e6875e-8aaf-4ed3-becf-252fb4c79590
FIFO,64856861-98a6-4648-b48c-56793d31eac7,64856861-98a6-4648-b48c-56793d31eac7
FIFO,8144c1c6-f923-42f7-a1cb-fb2f4e33038f,8144c1c6-f923-42f7-a1cb-fb2f4e33038f
FIFO,100eafe5-853d-403e-9724-f466eb6287b2,100eafe5-853d-403e-9724-f466eb6287b2
FIFO,32b1f6da-bdaa-4ae4-90b2-7eec68818170,32b1f6da-bdaa-4ae4-90b2-7eec68818170
FIFO,481cb600-f79c-4529-8fb6-2c368c74e5c7,481cb600-f79c-4529-8fb6-2c368c74e5c7
FIFO,e74f444d-be74-466d-ab31-67aac496af97,e74f444d-be74-466d-ab31-67aac496af97
FIFO,7aa6f8bb-7630-4216-8496-0f66e0d31620,7aa6f8bb-7630-4216-8496-0f66e0d31620
FIFO,547535bd-f92e-49cb-b1ab-bbb15be80cfe,547535bd-f92e-49cb-b1ab-bbb15be80cfe
FIFO,3caa2ac2-d4e0-4426-8d6a-9951520524b8,3caa2ac2-d4e0-4426-8d6a-9951520524b8
FIFO,c944eecf-13c3-4006-b416-482dd0f417c7,c944eecf-13c3-4006-b416-482dd0f417c7
FIFO,8891e495-5dfc-4493-b55e-799b14bf645a,8891e495-5dfc-4493-b55e-799b14bf645a
FIFO,d9b50835-9e03-453c-ab81-c79d3cb09b5b,d9b50835-9e03-453c-ab81-c79d3cb09b5b
FIFO,f1b02d4c-3321-4174-892a-abee5f77409e,f1b02d4c-3321-4174-892a-abee5f77409e
FIFO,7f93657d-deae-43ce-9836-feb6ed98d13b,7f93657d-deae-43ce-9836-feb6ed98d13b
FIFO,0e7a90f3-067b-4a05-9b57-e4f326a00013,0e7a90f3-067b-4a05-9b57-e4f326a00013
FIFO,c7a8a02c-21c4-4746-914d-8e133cb268b5,c7a8a02c-21c4-4746-914d-8e133cb268b5
FIFO,d569b9c1-7b62-4cc2-a7bd-fced9bbc9bac,d569b9c1-7b62-4cc2-a7bd-fced9bbc9bac
FIFO,754775e7-5951-4625-b07f-431735806520,754775e7-5951-4625-b07f-431735806520
FIFO,6c127dcb-3613-4cb0-9e6e-996bde0b881c,6c127dcb-3613-4cb0-9e6e-996bde0b881c
FIFO,d4acd358-639a-4dfe-b240-86bcdf98d604,d4acd358-639a-4dfe-b240-86bcdf98d604
FIFO,7b03e309-7210-4f63-a0bb-a36e9cd7e2b1,7b03e309-7210-4f63-a0bb-a36e9cd7e2b1
FIFO,83c1a1b0-f740-4848-89de-dc8c90e33e13,83c1a1b0-f740-4848-89de-dc8c90e33e13
FIFO,6ed0b7ef-dbca-45dd-b18a-047708fd3161,6ed0b7ef-dbca-45dd-b18a-047708fd3161
FIFO,edb85e38-9cbe-47ca-8e36-b44375268bb5,edb85e38-9cbe-47ca-8e36-b44375268bb5
FIFO,0547df9c-3093-40d1-ab1f-3d0839126e0b,0547df9c-3093-40d1-ab1f-3d0839126e0b
FIFO,20607f16-d686-48da-addf-046c348ebec2,20607f16-d686-48da-addf-046c348ebec2
FIFO,5e2cddb7-565f-4522-b4ec-cedfbd7e127c,5e2cddb7-565f-4522-b4ec-cedfbd7e127c
FIFO,52398e3d-d0c1-4ace-b2e2-601e30c28586,52398e3d-d0c1-4ace-b2e2-601e30c28586
FIFO,adef179e-7a71-43ff-98b8-e37ca8c99979,adef179e-7a71-43ff-98b8-e37ca8c99979
FIFO,b44d87d8-9fdc-41eb-a755-3ff997240947,b44d87d8-9fdc-41eb-a755-3ff997240947
FIFO,1066d624-2185-47da-8738-552a1ce453ca,1066d624-2185-47da-8738-552a1ce453ca
FIFO,803170f5-4a6c-449d-9174-96dc51b770a6,803170f5-4a6c-449d-9174-96dc51b770a6
FIFO,533bead9-4b5a-4881-a3e4-e803f320c4aa,533bead9-4b5a-4881-a3e4-e803f320c4aa
FIFO,bbdadc0e-c8be-411f-8aff-b4ab72b10e12,bbdadc0e-c8be-411f-8aff-b4ab72b10e12
FIFO,70dffbdf-fc3d-4e55-9858-f0ce322d0952,70dffbdf-fc3d-4e55-9858-f0ce322d0952
FIFO,81b2fd51-2efc-446d-ad7f-23478e4eb74f,81b2fd51-2efc-446d-ad7f-23478e4eb74f
FIFO,78a068cb-a732-416a-b5b9-cea968512108,78a068cb-a732-416a-b5b9-cea968512108
FIFO,27aff244-bb2e-43ee-b840-e6acbcf3b1be,27aff244-bb2e-43ee-b840-e6acbcf3b1be
FIFO,632905bb-e56d-4b5d-a0bc-79a0875954fb,632905bb-e56d-4b5d-a0bc-79a0875954fb
FIFO,830bdedd-e510-4d74-be10-78027e64fb73,830bdedd-e510-4d74-be10-78027e64fb73
FIFO,e4d2fa1e-7d6c-4445-ac9c-345e00467845,e4d2fa1e-7d6c-4445-ac9c-345e00467845
FIFO,92b2308e-43dc-4904-9866-c1163ad5388d,92b2308e-43dc-4904-9866-c1163ad5388d
FIFO,3eccd32c-ad12-4504-9a0c-4d816f7640f7,3eccd32c-ad12-4504-9a0c-4d816f7640f7
FIFO,b513059b-0e90-4686-b35e-9aa380040116,b513059b-0e90-4686-b35e-9aa380040116
FIFO,b98b4cd8-50a6-4383-9c35-90b63bbb210b,b98b4cd8-50a6-4383-9c35-90b63bbb210b
FIFO,c470dbe1-112f-4150-83eb-6eab0e5f0ba4,c470dbe1-112f-4150-83eb-6eab0e5f0ba4
FIFO,4d02c9c7-5062-4e60-bbe3-99a03d30b443,4d02c9c7-5062-4e60-bbe3-99a03d30b443
FIFO,f4656ec2-14ac-4dde-a6a4-7ffd96a0364c,f4656ec2-14ac-4dde-a6a4-7ffd96a0364c
FIFO,7a85c308-4577-4115-9772-c61e8e50fcb2,7a85c308-4577-4115-9772-c61e8e50fcb2
FIFO,bb9f3487-96ef-4d0e-85dc-a22e7a2007ae,bb9f3487-96ef-4d0e-85dc-a22e7a2007ae
FIFO,d388d0fd-5d64-4a31-81a2-ff0c484ab985,d388d0fd-5d64-4a31-81a2-ff0c484ab985
FIFO,55c719d6-4e5b-48df-a918-b6a8b26a7833,55c719d6-4e5b-48df-a918-b6a8b26a7833
FIFO,fa484f1f-353a-47b4-a591-b3af347810c2,fa484f1f-353a-47b4-a591-b3af347810c2
FIFO,8197f6f0-e1ac-400b-bb01-84ff6fb3746a,8197f6f0-e1ac-400b-bb01-84ff6fb3746a
FIFO,9d7e4f65-6da9-4224-9f29-4c8ba2c3f094,9d7e4f65-6da9-4224-9f29-4c8ba2c3f094
FIFO,f929c213-3db1-43c2-bdfc-bc73c7d1cdf9,f929c213-3db1-43c2-bdfc-bc73c7d1cdf9
FIFO,b399b1a9-1347-4ed8-857b-85d9eaf4e05b,b399b1a9-1347-4ed8-857b-85d9eaf4e05b
FIFO,1b0c1fa0-b1e9-40ab-8bd3-191e74105780,1b0c1fa0-b1e9-40ab-8bd3-191e74105780
FIFO,a29e1fc8-27ef-4dcd-b040-0533bcf0b96f,a29e1fc8-27ef-4dcd-b040-0533bcf0b96f
FIFO,ae699fb0-0bd2-4476-a9d7-d26f019fa6eb,ae699fb0-0bd2-4476-a9d7-d26f019fa6eb
FIFO,615c32f9-b927-45d8-a3b9-f019eeec54ea,615c32f9-b927-45d8-a3b9-f019eeec54ea
FIFO,79c8f859-5bf2-47db-bbdd-69619129d2df,79c8f859-5bf2-47db-bbdd-69619129d2df
FIFO,76af20a8-a127-4358-9b22-c8407a3b6d0e,76af20a8-a127-4358-9b22-c8407a3b6d0e
FIFO,ff18eaa9-3d9a-4703-8772-98771acb4482,ff18eaa9-3d9a-4703-8772-98771acb4482
FIFO,9b1e2803-7671-4a48-bf4b-2dcc241923c2,9b1e2803-7671-4a48-bf4b-2dcc241923c2
FIFO,8c95b04f-7348-451d-86d8-e8dbc208da9f,8c95b04f-7348-451d-86d8-e8dbc208da9f
FIFO,6a7ec194-1c07-4098-b748-802737688525,6a7ec194-1c07-4098-b748-802737688525
FIFO,b071cb80-af42-4f23-9b43-cae6b1f658bc,b071cb80-af42-4f23-9b43-cae6b1f658bc
FIFO,568d90d5-b312-48f5-acec-5d60a7f49b5c,568d90d5-b312-48f5-acec-5d60a7f49b5c
FIFO,d0211b77-fe75-415c-bbc1-f2b84a03061c,d0211b77-fe75-415c-bbc1-f2b84a03061c
FIFO,a9ea0023-d1a5-4229-8d49-108369418163,a9ea0023-d1a5-4229-8d49-108369418163
FIFO,41b0edc2-fe9d-4990-a814-9c4e58222bb4,41b0edc2-fe9d-4990-a814-9c4e58222bb4
FIFO,f0e84d5d-63d7-433f-8e29-7bb7e2541370,f0e84d5d-63d7-433f-8e29-7bb7e2541370
FIFO,6bf9ce8d-8cac-4c79-bfd1-ebbb0076702e,6bf9ce8d-8cac-4c79-bfd1-ebbb0076702e
FIFO,932d674a-fd8b-407a-a4d8-575717514aaf,932d674a-fd8b-407a-a4d8-575717514aaf
FIFO,62a1eddb-dbc1-4440-a9de-316158a44e3a,62a1eddb-dbc1-4440-a9de-316158a44e3a
FIFO,7ef23f37-836c-4d75-977a-d1d46f371eb9,7ef23f37-836c-4d75-977a-d1d46f371eb9
FIFO,c3365ce8-0309-40e4-b77a-9d69ccba4ee2,c3365ce8-0309-40e4-b77a-9d69ccba4ee2
FIFO,4a50145e-0d3c-4d07-92a2-b474ca7e413f,4a50145e-0d3c-4d07-92a2-b474ca7e413f
FIFO,982cd076-6028-4bd7-8f72-a61b51538fdd,982cd076-6028-4bd7-8f72-a61b51538fdd
FIFO,66a3a3a5-778b-4a70-9a70-b73d2367c145,66a3a3a5-778b-4a70-9a70-b73d2367c145
FIFO,596b2a57-051f-46dd-a241-945ad24addfb,596b2a57-051f-46dd-a241-945ad24addfb
FIFO,e89f81f0-ddbc-4eef-8e3e-5b7f6bf9c5ca,e89f81f0-ddbc-4eef-8e3e-5b7f6bf9c5ca
FIFO,dc559e73-e78c-49fc-81ed-9e9d9ffcfef1,dc559e73-e78c-49fc-81ed-9e9d9ffcfef1
FIFO,9b6c76d1-f3a7-4e03-933a-039c8f31c921,9b6c76d1-f3a7-4e03-933a-039c8f31c921
FIFO,749ef1d2-2a5b-470e-b31e-cad9be1ae33d,749ef1d2-2a5b-470e-b31e-cad9be1ae33d
FIFO,b7ec1309-b63b-4dda-901b-6235fcdf9da9,b7ec1309-b63b-4dda-901b-6235fcdf9da9
FIFO,26ceb0c2-580b-418c-bb75-6f1f863038fc,26ceb0c2-580b-418c-bb75-6f1f863038fc
FIFO,b6c0d533-1339-44b7-b58a-67b939df2c39,b6c0d533-1339-44b7-b58a-67b939df2c39
FIFO,225eb989-8d61-4a02-b4ad-83dc9989d806,225eb989-8d61-4a02-b4ad-83dc9989d806
FIFO,5ce8800a-7c58-47cf-8eec-dfc82609d40b,5ce8800a-7c58-47cf-8eec-dfc82609d40b
FIFO,ae52a102-839c-4273-b451-6f4b9de61ade,ae52a102-839c-4273-b451-6f4b9de61ade
FIFO,3b25d096-b7f0-40a9-9513-21aa81c8956f,3b25d096-b7f0-40a9-9513-21aa81c8956f
FIFO,64c96ea2-bce9-4322-a7b5-ea64e94854ba,64c96ea2-bce9-4322-a7b5-ea64e94854ba
FIFO,e9b7682f-dc6e-4a27-af84-fa17a5b516e1,e9b7682f-dc6e-4a27-af84-fa17a5b516e1
FIFO,a6fb01a1-13c5-482f-9bb1-af39d996e9d3,a6fb01a1-13c5-482f-9bb1-af39d996e9d3
FIFO,c459f442-e76b-475c-8b96-b84da88b4024,c459f442-e76b-475c-8b96-b84da88b4024
FIFO,fcf1b1d9-2123-44f4-bfe6-ca9769ff440a,fcf1b1d9-2123-44f4-bfe6-ca9769ff440a
FIFO,6a013269-df88-43b3-a1bc-54dd785971ae,6a013269-df88-43b3-a1bc-54dd785971ae
FIFO,9b43cb07-c88d-4303-84de-11d6c92e7604,9b43cb07-c88d-4303-84de-11d6c92e7604
FIFO,12ef8a24-6140-4641-803b-69007ff65cd1,12ef8a24-6140-4641-803b-69007ff65cd1
FIFO,a0b84749-b14a-48e5-b744-6de14fa56035,a0b84749-b14a-48e5-b744-6de14fa56035
FIFO,f36162f9-192f-4191-a243-5f90af42310a,f36162f9-192f-4191-a243-5f90af42310a
FIFO,a374b8f1-0b7b-4fd2-90b6-44b4dcf9d861,a374b8f1-0b7b-4fd2-90b6-44b4dcf9d861
FIFO,47b7263c-0e1f-47ac-8b1c-17554af3e932,47b7263c-0e1f-47ac-8b1c-17554af3e932
FIFO,368deca3-6ea0-4a63-97f6-84a832c94c11,368deca3-6ea0-4a63-97f6-84a832c94c11
FIFO,0025f546-dc5d-4bec-86f0-67c3c763a9f4,0025f546-dc5d-4bec-86f0-67c3c763a9f4
FIFO,9960f7e7-212a-4f4e-a518-e830cab70b87,9960f7e7-212a-4f4e-a518-e830cab70b87
FIFO,b7c732bb-dff4-44bd-8469-4ce97a706950,b7c732bb-dff4-44bd-8469-4ce97a706950
FIFO,554520f8-8aa1-4b89-bfbb-250b109460f2,554520f8-8aa1-4b89-bfbb-250b109460f2
FIFO,59fe8195-fdf9-47e2-8611-dce157e3e102,59fe8195-fdf9-47e2-8611-dce157e3e102
FIFO,32afd0be-d2b3-49cd-8021-34af5241d825,32afd0be-d2b3-49cd-8021-34af5241d825
FIFO,603abbd4-9694-40c7-a034-6900bf54dadd,603abbd4-9694-40c7-a034-6900bf54dadd
FIFO,97d94c33-3af1-4c24-b5c5-8218f2146343,97d94c33-3af1-4c24-b5c5-8218f2146343
FIFO,0d9fafd7-dcfd-4f9d-9834-794c223a0168,0d9fafd7-dcfd-4f9d-9834-794c223a0168
FIFO,5a233476-6019-4815-88af-1820f23c3981,5a233476-6019-4815-88af-1820f23c3981
FIFO,35bb9a8b-9037-41d8-99dd-ae7b0e06fb49,35bb9a8b-9037-41d8-99dd-ae7b0e06fb49
FIFO,7f79132c-79df-4440-8c3b-cd0774531744,7f79132c-79df-4440-8c3b-cd0774531744
FIFO,02cc7ec3-8262-4191-b6f9-b6f5f27bba76,02cc7ec3-8262-4191-b6f9-b6f5f27bba76
FIFO,9f60bf3d-6566-4819-846d-7258f67f4ae4,9f60bf3d-6566-4819-846d-7258f67f4ae4
FIFO,81b378ce-6330-4f85-8ffd-d45159a1fe03,81b378ce-6330-4f85-8ffd-d45159a1fe03
FIFO,59b8ac6f-ecee-453c-bd24-9e79eb742f3f,59b8ac6f-ecee-453c-bd24-9e79eb742f3f
FIFO,d00e78df-586f-41b4-9738-957b8abbaa5f,d00e78df-586f-41b4-9738-957b8abbaa5f
FIFO,0b870920-d84b-469b-ac88-52495bd6f3b5,0b870920-d84b-469b-ac88-52495bd6f3b5
FIFO,5dee318e-43e2-43c0-9109-c252fb6160f3,5dee318e-43e2-43c0-9109-c252fb6160f3
FIFO,a6e2211b-d2ae-44fc-9712-007d7bd1d63d,a6e2211b-d2ae-44fc-9712-007d7bd1d63d
FIFO,7652e116-1757-4cfe-a641-ef67a328e478,7652e116-1757-4cfe-a641-ef67a328e478
FIFO,3cccee81-c027-4555-9241-916c87d5384a,3cccee81-c027-4555-9241-916c87d5384a
FIFO,2f4d4f3e-560f-49c9-81e4-322cc098cad6,2f4d4f3e-560f-49c9-81e4-322cc098cad6
FIFO,e4e45b2e-91b5-44a4-98a9-f9d1e545610f,e4e45b2e-91b5-44a4-98a9-f9d1e545610f
FIFO,b114cf7f-d099-48f3-a62f-2e4baec0fbfb,b114cf7f-d099-48f3-a62f-2e4baec0fbfb
FIFO,2462e4e6-7958-4f2e-bdb4-e0b01d1aa69e,2462e4e6-7958-4f2e-bdb4-e0b01d1aa69e
FIFO,f25d1601-25d9-4e19-b8a8-1bbed57f95a4,f25d1601-25d9-4e19-b8a8-1bbed57f95a4
FIFO,913b1d65-caa8-4347-a776-e37297d6254e,913b1d65-caa8-4347-a776-e37297d6254e
FIFO,2e29330e-1754-4cb1-aab0-c1dae6073024,2e29330e-1754-4cb1-aab0-c1dae6073024
FIFO,eb385794-6acb-43e0-b52c-5e2bcccdcdb7,eb385794-6acb-43e0-b52c-5e2bcccdcdb7
FIFO,f1999259-4918-4741-8832-26fdaf9c2d7b,f1999259-4918-4741-8832-26fdaf9c2d7b
FIFO,68fb053e-52f9-48cc-903b-040d6f1e5764,68fb053e-52f9-48cc-903b-040d6f1e5764
FIFO,1d23ba6e-828e-4fd5-b19c-22e76009fc77,1d23ba6e-828e-4fd5-b19c-22e76009fc77
FIFO,3e8e9957-1409-47b5-994d-e22e6c7fd678,3e8e9957-1409-47b5-994d-e22e6c7fd678
FIFO,fb8ecf65-03c7-4c35-a30c-f63cfd93de0f,fb8ecf65-03c7-4c35-a30c-f63cfd93de0f
FIFO,32420ac0-5bd5-4c03-a18f-8c90658054c1,32420ac0-5bd5-4c03-a18f-8c90658054c1
FIFO,a3d5c690-c72c-4f2c-9644-1b26e082715d,a3d5c690-c72c-4f2c-9644-1b26e082715d
FIFO,b326791f-3398-428d-bdf1-e4cdb5c30812,b326791f-3398-428d-bdf1-e4cdb5c30812
FIFO,41176529-fc85-43e7-866e-28d7e96429d0,41176529-fc85-43e7-866e-28d7e96429d0
FIFO,83749620-734d-4812-8470-34001c5d22ee,83749620-734d-4812-8470-34001c5d22ee
FIFO,e2d72f56-f1b3-474d-b10a-de22d6ddf049,e2d72f56-f1b3-474d-b10a-de22d6ddf049
FIFO,fc5aed12-fca2-4c8d-b8f2-64ec8c37faa4,fc5aed12-fca2-4c8d-b8f2-64ec8c37faa4
FIFO,85746d54-216e-4e58-bda7-a09a95494911,85746d54-216e-4e58-bda7-a09a95494911
FIFO,db3035d8-4d9e-4640-8d4b-e28d1d3b0afb,db3035d8-4d9e-4640-8d4b-e28d1d3b0afb
FIFO,d573b239-f9eb-45f3-811b-ca78989370a8,d573b239-f9eb-45f3-811b-ca78989370a8
FIFO,b19de005-3a02-45d2-88fe-8cbb5fdf5e60,b19de005-3a02-45d2-88fe-8cbb5fdf5e60
FIFO,a3a84cb8-97b5-4758-b2e6-f60664f8b195,a3a84cb8-97b5-4758-b2e6-f60664f8b195
FIFO,60c335ef-a3d6-4376-b0a9-be0a2bc08e6c,60c335ef-a3d6-4376-b0a9-be0a2bc08e6c
FIFO,7dfd5ac2-f221-4b73-8552-e89e780de899,7dfd5ac2-f221-4b73-8552-e89e780de899
FIFO,228f051d-42a0-4fd4-ad38-173d62a77e55,228f051d-42a0-4fd4-ad38-173d62a77e55
FIFO,c628c620-16c8-4e49-869f-88326be08e10,c628c620-16c8-4e49-869f-88326be08e10
FIFO,1b39dd12-d630-4d26-aeec-b70a0dd36aee,1b39dd12-d630-4d26-aeec-b70a0dd36aee
FIFO,4f1e4b1d-4cfb-48a0-b2a8-da8c707885aa,4f1e4b1d-4cfb-48a0-b2a8-da8c707885aa
FIFO,018829d5-3925-493f-9edf-edc835be160a,018829d5-3925-493f-9edf-edc835be160a
FIFO,05a36794-0641-4548-99a8-a9a95f75c37f,05a36794-0641-4548-99a8-a9a95f75c37f
FIFO,caaacdf7-0914-4145-ab38-9aa3d77dbdfc,caaacdf7-0914-4145-ab38-9aa3d77dbdfc
FIFO,9a361d10-86b6-4ddf-8060-ae92c0b9f2e1,9a361d10-86b6-4ddf-8060-ae92c0b9f2e1
FIFO,7230f9c2-839c-4853-9981-74d3f2b1a362,7230f9c2-839c-4853-9981-74d3f2b1a362
FIFO,ca5a0e4d-7592-4e2a-aef5-7ada0281c9c0,ca5a0e4d-7592-4e2a-aef5-7ada0281c9c0
FIFO,13f23738-57a6-4c71-83b1-3a1ba336ab9a,13f23738-57a6-4c71-83b1-3a1ba336ab9a
FIFO,b26cf107-636b-4218-a841-0b6bb3699648,b26cf107-636b-4218-a841-0b6bb3699648
FIFO,948e1017-5855-4f49-869b-2141a058107d,948e1017-5855-4f49-869b-2141a058107d
FIFO,1da81821-6aae-46e0-a6b4-e6f6c948d4bc,1da81821-6aae-46e0-a6b4-e6f6c948d4bc
FIFO,690b4085-cf58-436c-93c6-7ac97050e011,690b4085-cf58-436c-93c6-7ac97050e011
FIFO,80cc0375-4e8f-49c7-b89a-9f5c9ac4fac9,80cc0375-4e8f-49c7-b89a-9f5c9ac4fac9
FIFO,a070dbd7-2353-453e-9679-99876098b748,a070dbd7-2353-453e-9679-99876098b748
FIFO,3a8609f5-ce36-439f-b871-3601884cf7f9,3a8609f5-ce36-439f-b871-3601884cf7f9
FIFO,36e7821b-6486-4f09-b68c-8f85069bd7df,36e7821b-6486-4f09-b68c-8f85069bd7df
FIFO,f224bafc-faeb-4005-9967-53c9bb2af5f1,f224bafc-faeb-4005-9967-53c9bb2af5f1
FIFO,8ba49437-3a54-41ba-b030-a4a37b83384e,8ba49437-3a54-41ba-b030-a4a37b83384e
FIFO,39d36b78-b2f0-4b76-8f42-557299805732,39d36b78-b2f0-4b76-8f42-557299805732
FIFO,07502805-6e5a-452e-be94-d8acef1b40f9,07502805-6e5a-452e-be94-d8acef1b40f9
FIFO,841ca461-6158-4940-b527-4863d1eaddf9,841ca461-6158-4940-b527-4863d1eaddf9
FIFO,49f7a7ae-f253-42c8-9239-cb75705e531d,49f7a7ae-f253-42c8-9239-cb75705e531d
FIFO,f800c0c5-4620-441b-97a9-cd165524d08f,f800c0c5-4620-441b-97a9-cd165524d08f
FIFO,492c08e6-9927-4a83-8af9-ce4c5c1405fb,492c08e6-9927-4a83-8af9-ce4c5c1405fb
FIFO,13459415-f207-4b99-a732-8e98a598f4a8,13459415-f207-4b99-a732-8e98a598f4a8
FIFO,c587940d-598e-476b-9db5-fba2d9d6793e,c587940d-598e-476b-9db5-fba2d9d6793e
FIFO,9c69bcf4-5979-4c4a-86ef-1595f05f27b9,9c69bcf4-5979-4c4a-86ef-1595f05f27b9
FIFO,d17a8113-6123-4253-823e-42db5e04f3bb,d17a8113-6123-4253-823e-42db5e04f3bb
FIFO,da87fa2b-287e-450d-a09e-198418290ab3,da87fa2b-287e-450d-a09e-198418290ab3
FIFO,bad8c1a5-73ca-4a8b-9f38-883ec5668708,bad8c1a5-73ca-4a8b-9f38-883ec5668708
FIFO,1f18b887-00ab-453b-885c-f1712e752efc,1f18b887-00ab-453b-885c-f1712e752efc
FIFO,39adec25-a54a-4909-98cd-4e06bb197ff6,39adec25-a54a-4909-98cd-4e06bb197ff6
FIFO,dbab715f-5693-4c92-8662-a846e32fbfa8,dbab715f-5693-4c92-8662-a846e32fbfa8
FIFO,38d16f81-4e3d-49ad-893b-6bdd1e02577b,38d16f81-4e3d-49ad-893b-6bdd1e02577b
FIFO,9b8e6ace-d143-446e-a372-77d7843df5ed,9b8e6ace-d143-446e-a372-77d7843df5ed
FIFO,181a87ae-b387-466b-80fe-d7b425768abc,181a87ae-b387-466b-80fe-d7b425768abc
FIFO,9121bfc2-35b2-4b78-b747-9f4562925c5f,9121bfc2-35b2-4b78-b747-9f4562925c5f
FIFO,a4ddcc39-6189-4133-a397-5c9e9de8adb2,a4ddcc39-6189-4133-a397-5c9e9de8adb2
FIFO,a60de449-1244-42bc-9147-a1def746b4e4,a60de449-1244-42bc-9147-a1def746b4e4
FIFO,ac390f0d-cd9d-4411-b8d5-3a3c9bd8d390,ac390f0d-cd9d-4411-b8d5-3a3c9bd8d390
FIFO,85b0d6e6-de41-4510-9d33-0214cb2db9ed,85b0d6e6-de41-4510-9d33-0214cb2db9ed
FIFO,155bdeda-0bee-4748-aee5-04800183ceca,155bdeda-0bee-4748-aee5-04800183ceca
FIFO,70440cd1-a2e5-4836-b876-a1efeaab856c,70440cd1-a2e5-4836-b876-a1efeaab856c
FIFO,ab915275-01db-4504-b8a5-c0c1d427f824,ab915275-01db-4504-b8a5-c0c1d427f824
FIFO,391249bb-9266-4894-9dda-fe5614fa6a0c,391249bb-9266-4894-9dda-fe5614fa6a0c
FIFO,f6d5e34a-9013-4125-994b-db72960935e0,f6d5e34a-9013-4125-994b-db72960935e0
FIFO,748fb968-1f7f-417f-a2c5-f8bc233b3df1,748fb968-1f7f-417f-a2c5-f8bc233b3df1
FIFO,6c12f448-1f92-4a8f-8da7-499560acd649,6c12f448-1f92-4a8f-8da7-499560acd649
FIFO,f137f6ec-51d7-4608-8c98-e094b46ea8d6,f137f6ec-51d7-4608-8c98-e094b46ea8d6
FIFO,d42aa24e-7d6d-4ece-87a2-f264c5283685,d42aa24e-7d6d-4ece-87a2-f264c5283685
