shuffle_type,row_groups_per_file,num_trainers,batches_per_round,trial,round,consumer,consume_time
from_memory,2,1,800,0,0,0,173.307304588001
from_memory,2,1,800,1,0,0,171.43293388500024
from_memory,2,1,800,2,0,0,173.59649757300213
from_memory,2,1,400,0,0,0,98.94453543400232
from_memory,2,1,400,0,1,0,98.81566639700031
from_memory,2,1,400,1,0,0,99.72900054499769
from_memory,2,1,400,1,1,0,100.01809946799767
from_memory,2,1,400,2,0,0,109.31260579900118
from_memory,2,1,400,2,1,0,106.94502426799954
from_memory,2,1,200,0,0,0,65.17331248299888
from_memory,2,1,200,0,1,0,66.38197674099865
from_memory,2,1,200,0,2,0,65.1633585290001
from_memory,2,1,200,0,3,0,65.28590831100155
from_memory,2,1,200,1,0,0,67.63526794900099
from_memory,2,1,200,1,1,0,67.62752200799878
from_memory,2,1,200,1,2,0,67.88624334899941
from_memory,2,1,200,1,3,0,68.7710915860007
from_memory,2,1,200,2,0,0,69.44907371999943
from_memory,2,1,200,2,1,0,69.332852618998
from_memory,2,1,200,2,2,0,69.52630985599899
from_memory,2,1,200,2,3,0,69.77927170800103
from_memory,2,1,100,0,0,0,51.49555974699979
from_memory,2,1,100,0,1,0,51.75708208800279
from_memory,2,1,100,0,2,0,51.70478741899933
from_memory,2,1,100,0,3,0,51.55738612800269
from_memory,2,1,100,0,4,0,52.25622479500089
from_memory,2,1,100,0,5,0,51.74750207300167
from_memory,2,1,100,0,6,0,52.237324060999526
from_memory,2,1,100,0,7,0,51.64481695500217
from_memory,2,1,100,1,0,0,53.01965107999786
from_memory,2,1,100,1,1,0,53.510145529999136
from_memory,2,1,100,1,2,0,52.97013318699828
from_memory,2,1,100,1,3,0,53.00461246600025
from_memory,2,1,100,1,4,0,52.813274038999225
from_memory,2,1,100,1,5,0,53.48238312199828
from_memory,2,1,100,1,6,0,53.12152416000026
from_memory,2,1,100,1,7,0,52.93595975000062
from_memory,2,1,100,2,0,0,51.948070741000265
from_memory,2,1,100,2,1,0,52.06699226300043
from_memory,2,1,100,2,2,0,51.335896605000016
from_memory,2,1,100,2,3,0,51.78766801299935
from_memory,2,1,100,2,4,0,51.99975494399769
from_memory,2,1,100,2,5,0,52.107402851997904
from_memory,2,1,100,2,6,0,52.02796599199792
from_memory,2,1,100,2,7,0,52.06059121499857
from_memory,2,1,50,0,0,0,45.80224935500155
from_memory,2,1,50,0,1,0,45.88357530200301
from_memory,2,1,50,0,2,0,46.1739086689995
from_memory,2,1,50,0,3,0,46.39828701499937
from_memory,2,1,50,0,4,0,45.43042112100375
from_memory,2,1,50,0,5,0,46.080982254003175
from_memory,2,1,50,0,6,0,46.373666277002485
from_memory,2,1,50,0,7,0,46.2340737370032
from_memory,2,1,50,0,8,0,46.32686776199989
from_memory,2,1,50,0,9,0,46.019910112001526
from_memory,2,1,50,0,10,0,46.26503948699974
from_memory,2,1,50,0,11,0,46.371745447999274
from_memory,2,1,50,0,12,0,46.276708912002505
from_memory,2,1,50,0,13,0,46.317933292004454
from_memory,2,1,50,0,14,0,45.522625028999755
from_memory,2,1,50,0,15,0,46.322942874001455
from_memory,2,1,50,1,0,0,47.723011384005076
from_memory,2,1,50,1,1,0,47.7466493000029
from_memory,2,1,50,1,2,0,47.96949296800449
from_memory,2,1,50,1,3,0,47.78244622600323
from_memory,2,1,50,1,4,0,47.784918076002214
from_memory,2,1,50,1,5,0,47.19030343000486
from_memory,2,1,50,1,6,0,47.93794100200466
from_memory,2,1,50,1,7,0,47.93881099900318
from_memory,2,1,50,1,8,0,47.61206401199888
from_memory,2,1,50,1,9,0,47.83358414599934
from_memory,2,1,50,1,10,0,47.74966557299922
from_memory,2,1,50,1,11,0,47.698496034005075
from_memory,2,1,50,1,12,0,47.92230173900316
from_memory,2,1,50,1,13,0,47.66643491200375
from_memory,2,1,50,1,14,0,47.92339529599849
from_memory,2,1,50,1,15,0,47.81511574500473
from_memory,2,1,50,2,0,0,46.884037978998094
from_memory,2,1,50,2,1,0,47.193195451000065
from_memory,2,1,50,2,2,0,47.047655856003985
from_memory,2,1,50,2,3,0,46.246209613003884
from_memory,2,1,50,2,4,0,47.04204249000031
from_memory,2,1,50,2,5,0,47.04802935299813
from_memory,2,1,50,2,6,0,46.496302459003346
from_memory,2,1,50,2,7,0,47.001743647000694
from_memory,2,1,50,2,8,0,47.098120768001536
from_memory,2,1,50,2,9,0,46.244404730001406
from_memory,2,1,50,2,10,0,46.63005180300388
from_memory,2,1,50,2,11,0,47.03016963200207
from_memory,2,1,50,2,12,0,46.65984973299783
from_memory,2,1,50,2,13,0,46.53453490100219
from_memory,2,1,50,2,14,0,46.998311593000835
from_memory,2,1,50,2,15,0,47.10973144599848
from_memory,2,1,25,0,0,0,46.24181619000592
from_memory,2,1,25,0,1,0,46.0872592529995
from_memory,2,1,25,0,2,0,46.47432774500339
from_memory,2,1,25,0,3,0,45.79145829700428
from_memory,2,1,25,0,4,0,46.21768281500408
from_memory,2,1,25,0,5,0,46.304797035001684
from_memory,2,1,25,0,6,0,46.27307522200135
from_memory,2,1,25,0,7,0,46.457186045001436
from_memory,2,1,25,0,8,0,46.04195478600013
from_memory,2,1,25,0,9,0,46.425789034001355
from_memory,2,1,25,0,10,0,44.772922186006326
from_memory,2,1,25,0,11,0,45.806331259002036
from_memory,2,1,25,0,12,0,45.562487211005646
from_memory,2,1,25,0,13,0,45.791992227001174
from_memory,2,1,25,0,14,0,46.0134570750015
from_memory,2,1,25,0,15,0,46.35940850000043
from_memory,2,1,25,0,16,0,46.22600261500338
from_memory,2,1,25,0,17,0,45.64936114100419
from_memory,2,1,25,0,18,0,46.417234723005095
from_memory,2,1,25,0,19,0,45.978278119000606
from_memory,2,1,25,0,20,0,46.36929336300091
from_memory,2,1,25,0,21,0,45.788378823999665
from_memory,2,1,25,0,22,0,46.45806024400372
from_memory,2,1,25,0,23,0,46.368344245005574
from_memory,2,1,25,0,24,0,45.99912239400146
from_memory,2,1,25,0,25,0,46.430754459004675
from_memory,2,1,25,0,26,0,46.0134543420063
from_memory,2,1,25,0,27,0,46.31449208500271
from_memory,2,1,25,0,28,0,46.096777459002624
from_memory,2,1,25,0,29,0,45.64950509000482
from_memory,2,1,25,0,30,0,46.43650587100274
from_memory,2,1,25,0,31,0,45.99867609300418
from_memory,2,1,25,1,0,0,48.00110246099939
from_memory,2,1,25,1,1,0,47.898839932000556
from_memory,2,1,25,1,2,0,47.01006085800327
from_memory,2,1,25,1,3,0,47.720946699002525
from_memory,2,1,25,1,4,0,47.993792923
from_memory,2,1,25,1,5,0,48.04015903700201
from_memory,2,1,25,1,6,0,47.57973850500275
from_memory,2,1,25,1,7,0,48.084598385998106
from_memory,2,1,25,1,8,0,47.39935858199897
from_memory,2,1,25,1,9,0,47.736542655999074
from_memory,2,1,25,1,10,0,48.005364857999666
from_memory,2,1,25,1,11,0,47.85289934100001
from_memory,2,1,25,1,12,0,47.115342211996904
from_memory,2,1,25,1,13,0,47.928896336001344
from_memory,2,1,25,1,14,0,48.040758390998235
from_memory,2,1,25,1,15,0,47.80060533800133
from_memory,2,1,25,1,16,0,47.740111860999605
from_memory,2,1,25,1,17,0,47.363565608997305
from_memory,2,1,25,1,18,0,48.00561796299735
from_memory,2,1,25,1,19,0,47.86104452099971
from_memory,2,1,25,1,20,0,47.74651571999857
from_memory,2,1,25,1,21,0,48.07027978399856
from_memory,2,1,25,1,22,0,47.13910984800168
from_memory,2,1,25,1,23,0,48.11166708100063
from_memory,2,1,25,1,24,0,47.90842224499647
from_memory,2,1,25,1,25,0,47.617931120999856
from_memory,2,1,25,1,26,0,48.092460733001644
from_memory,2,1,25,1,27,0,47.648323064997385
from_memory,2,1,25,1,28,0,48.0275595810017
from_memory,2,1,25,1,29,0,48.06786512800318
from_memory,2,1,25,1,30,0,47.799740775997634
from_memory,2,1,25,1,31,0,47.97645059399656
from_memory,2,1,25,2,0,0,47.98404197899799
from_memory,2,1,25,2,1,0,48.12098496600083
from_memory,2,1,25,2,2,0,48.17482652399485
from_memory,2,1,25,2,3,0,48.22934374799661
from_memory,2,1,25,2,4,0,48.22944572800043
from_memory,2,1,25,2,5,0,48.041230252994865
from_memory,2,1,25,2,6,0,47.871995310000784
from_memory,2,1,25,2,7,0,48.18771270499565
from_memory,2,1,25,2,8,0,47.686936591999256
from_memory,2,1,25,2,9,0,48.267910399001266
from_memory,2,1,25,2,10,0,48.07586173599702
from_memory,2,1,25,2,11,0,48.305685118997644
from_memory,2,1,25,2,12,0,48.24496612099756
from_memory,2,1,25,2,13,0,47.992769405995205
from_memory,2,1,25,2,14,0,48.10927698299929
from_memory,2,1,25,2,15,0,48.21234276299947
from_memory,2,1,25,2,16,0,48.276761652996356
from_memory,2,1,25,2,17,0,46.94366273199557
from_memory,2,1,25,2,18,0,48.1353831009983
from_memory,2,1,25,2,19,0,47.39258722499653
from_memory,2,1,25,2,20,0,47.38469509800052
from_memory,2,1,25,2,21,0,48.27713228599896
from_memory,2,1,25,2,22,0,48.085141215000476
from_memory,2,1,25,2,23,0,47.40252911699645
from_memory,2,1,25,2,24,0,47.811823757998354
from_memory,2,1,25,2,25,0,48.07025838900154
from_memory,2,1,25,2,26,0,48.28929345499637
from_memory,2,1,25,2,27,0,48.31457474600029
from_memory,2,1,25,2,28,0,47.97855985899514
from_memory,2,1,25,2,29,0,48.08366723600193
from_memory,2,1,25,2,30,0,48.20547772300051
from_memory,2,1,25,2,31,0,47.899661534996994
from_memory,2,1,16,0,0,0,40.106140110001434
from_memory,2,1,16,0,1,0,39.93487345200265
from_memory,2,1,16,0,2,0,40.14710664899758
from_memory,2,1,16,0,3,0,40.00895134200255
from_memory,2,1,16,0,4,0,39.996778073000314
from_memory,2,1,16,0,5,0,39.97098513200035
from_memory,2,1,16,0,6,0,39.929005726997275
from_memory,2,1,16,0,7,0,40.09515415399801
from_memory,2,1,16,0,8,0,39.99707084900001
from_memory,2,1,16,0,9,0,40.10252191699692
from_memory,2,1,16,0,10,0,40.128981296002166
from_memory,2,1,16,0,11,0,40.039488483998866
from_memory,2,1,16,0,12,0,40.05344850200345
from_memory,2,1,16,0,13,0,40.067935213002784
from_memory,2,1,16,0,14,0,40.270914654996886
from_memory,2,1,16,0,15,0,40.09544245000143
from_memory,2,1,16,0,16,0,40.06156542200188
from_memory,2,1,16,0,17,0,40.374563211997156
from_memory,2,1,16,0,18,0,40.11981214000116
from_memory,2,1,16,0,19,0,40.10221378799906
from_memory,2,1,16,0,20,0,40.04792839699803
from_memory,2,1,16,0,21,0,40.28035860000091
from_memory,2,1,16,0,22,0,40.06209447600122
from_memory,2,1,16,0,23,0,40.04350577900186
from_memory,2,1,16,0,24,0,40.14602223499969
from_memory,2,1,16,0,25,0,40.11180376599805
from_memory,2,1,16,0,26,0,40.28896049600007
from_memory,2,1,16,0,27,0,40.29451470299682
from_memory,2,1,16,0,28,0,40.36118188399996
from_memory,2,1,16,0,29,0,44.99850006199995
from_memory,2,1,16,0,30,0,40.19748802200047
from_memory,2,1,16,0,31,0,40.136151826998685
from_memory,2,1,16,0,32,0,40.16067852499691
from_memory,2,1,16,0,33,0,44.70011961399723
from_memory,2,1,16,0,34,0,44.594376273002126
from_memory,2,1,16,0,35,0,46.155855691002216
from_memory,2,1,16,0,36,0,46.19052037700021
from_memory,2,1,16,0,37,0,44.947617341000296
from_memory,2,1,16,0,38,0,44.7536920670027
from_memory,2,1,16,0,39,0,46.27115636799863
from_memory,2,1,16,0,40,0,44.740148603996204
from_memory,2,1,16,0,41,0,45.17168435599888
from_memory,2,1,16,0,42,0,45.10249667800235
from_memory,2,1,16,0,43,0,44.96136465600284
from_memory,2,1,16,0,44,0,46.286394265000126
from_memory,2,1,16,0,45,0,45.01266679100081
from_memory,2,1,16,0,46,0,45.129961072001606
from_memory,2,1,16,0,47,0,45.11704962699878
from_memory,2,1,16,0,48,0,45.106592313000874
from_memory,2,1,16,0,49,0,45.16611047000333
from_memory,2,1,16,1,0,0,39.35628023999743
from_memory,2,1,16,1,1,0,39.3599101860018
from_memory,2,1,16,1,2,0,39.24157899599959
from_memory,2,1,16,1,3,0,39.39837558299769
from_memory,2,1,16,1,4,0,39.23015054500138
from_memory,2,1,16,1,5,0,39.30357814599847
from_memory,2,1,16,1,6,0,39.22890613599884
from_memory,2,1,16,1,7,0,39.34687835299701
from_memory,2,1,16,1,8,0,39.33698112899583
from_memory,2,1,16,1,9,0,39.34121377699921
from_memory,2,1,16,1,10,0,39.2875286540002
from_memory,2,1,16,1,11,0,39.30184233900218
from_memory,2,1,16,1,12,0,39.383267944002
from_memory,2,1,16,1,13,0,39.37288611099939
from_memory,2,1,16,1,14,0,39.27730104800139
from_memory,2,1,16,1,15,0,39.33128438000131
from_memory,2,1,16,1,16,0,39.458569634000014
from_memory,2,1,16,1,17,0,39.38331374900008
from_memory,2,1,16,1,18,0,39.37729945799947
from_memory,2,1,16,1,19,0,39.384403192998434
from_memory,2,1,16,1,20,0,39.376628576996154
from_memory,2,1,16,1,21,0,39.33750728100131
from_memory,2,1,16,1,22,0,39.3280333119983
from_memory,2,1,16,1,23,0,39.37847540299845
from_memory,2,1,16,1,24,0,39.29490850000002
from_memory,2,1,16,1,25,0,39.45691274899582
from_memory,2,1,16,1,26,0,39.33922631399764
from_memory,2,1,16,1,27,0,39.23845263200201
from_memory,2,1,16,1,28,0,39.37336245700135
from_memory,2,1,16,1,29,0,39.28469949099963
from_memory,2,1,16,1,30,0,39.34793212600198
from_memory,2,1,16,1,31,0,39.308293447000324
from_memory,2,1,16,1,32,0,44.456131152001035
from_memory,2,1,16,1,33,0,44.25470684999891
from_memory,2,1,16,1,34,0,45.47723013599898
from_memory,2,1,16,1,35,0,44.4285675200008
from_memory,2,1,16,1,36,0,44.4554532330003
from_memory,2,1,16,1,37,0,45.29416055299953
from_memory,2,1,16,1,38,0,43.93043756100087
from_memory,2,1,16,1,39,0,44.28595695999684
from_memory,2,1,16,1,40,0,44.16222025299794
from_memory,2,1,16,1,41,0,44.48865751399717
from_memory,2,1,16,1,42,0,45.3539205470006
from_memory,2,1,16,1,43,0,44.25458596099634
from_memory,2,1,16,1,44,0,44.467340955998225
from_memory,2,1,16,1,45,0,45.56619430399587
from_memory,2,1,16,1,46,0,44.062460203997034
from_memory,2,1,16,1,47,0,44.459942285997386
from_memory,2,1,16,1,48,0,44.47778744199604
from_memory,2,1,16,1,49,0,44.418223266002315
from_memory,2,1,16,2,0,0,39.89570921000268
from_memory,2,1,16,2,1,0,40.31085665799765
from_memory,2,1,16,2,2,0,40.09272384799988
from_memory,2,1,16,2,3,0,40.335499015003734
from_memory,2,1,16,2,4,0,39.967381554000895
from_memory,2,1,16,2,5,0,39.993129048998526
from_memory,2,1,16,2,6,0,40.1834219500015
from_memory,2,1,16,2,7,0,40.04037618500297
from_memory,2,1,16,2,8,0,40.10763001900341
from_memory,2,1,16,2,9,0,39.926211211997725
from_memory,2,1,16,2,10,0,39.952313039997534
from_memory,2,1,16,2,11,0,40.09516069699748
from_memory,2,1,16,2,12,0,40.041482091000944
from_memory,2,1,16,2,13,0,40.039145014001406
from_memory,2,1,16,2,14,0,40.43519090100017
from_memory,2,1,16,2,15,0,39.97909781100316
from_memory,2,1,16,2,16,0,40.049391056003515
from_memory,2,1,16,2,17,0,40.13242888000241
from_memory,2,1,16,2,18,0,39.89693378499942
from_memory,2,1,16,2,19,0,40.1374044280019
from_memory,2,1,16,2,20,0,40.04310138000437
from_memory,2,1,16,2,21,0,40.12749570699816
from_memory,2,1,16,2,22,0,40.15901098600443
from_memory,2,1,16,2,23,0,40.00262989500334
from_memory,2,1,16,2,24,0,40.09607945899916
from_memory,2,1,16,2,25,0,40.28396870999859
from_memory,2,1,16,2,26,0,40.246238011997775
from_memory,2,1,16,2,27,0,40.12051821999921
from_memory,2,1,16,2,28,0,40.3842957750021
from_memory,2,1,16,2,29,0,44.67660791600065
from_memory,2,1,16,2,30,0,40.09583658200427
from_memory,2,1,16,2,31,0,44.87704425799893
from_memory,2,1,16,2,32,0,45.16422922199854
from_memory,2,1,16,2,33,0,40.45300527699874
from_memory,2,1,16,2,34,0,40.361241459002485
from_memory,2,1,16,2,35,0,44.98123186700104
from_memory,2,1,16,2,36,0,46.270513273004326
from_memory,2,1,16,2,37,0,45.20519986400177
from_memory,2,1,16,2,38,0,46.12885554400418
from_memory,2,1,16,2,39,0,44.917346328998974
from_memory,2,1,16,2,40,0,44.84563626700401
from_memory,2,1,16,2,41,0,45.103434967000794
from_memory,2,1,16,2,42,0,45.059274113002175
from_memory,2,1,16,2,43,0,44.80123150700092
from_memory,2,1,16,2,44,0,46.13998066500062
from_memory,2,1,16,2,45,0,44.941968571998586
from_memory,2,1,16,2,46,0,46.27841112000169
from_memory,2,1,16,2,47,0,45.0991124400025
from_memory,2,1,16,2,48,0,45.1904326080039
from_memory,2,1,16,2,49,0,45.14632954999979
from_memory,2,1,8,0,0,0,43.50964388599823
from_memory,2,1,8,0,1,0,43.48161777299538
from_memory,2,1,8,0,2,0,43.31566363499587
from_memory,2,1,8,0,3,0,43.361031625994656
from_memory,2,1,8,0,4,0,43.46234918000118
from_memory,2,1,8,0,5,0,43.47578976799559
from_memory,2,1,8,0,6,0,43.5686813680004
from_memory,2,1,8,0,7,0,43.4396142350015
from_memory,2,1,8,0,8,0,43.41530161899573
from_memory,2,1,8,0,9,0,43.510841999996046
from_memory,2,1,8,0,10,0,43.47501357700094
from_memory,2,1,8,0,11,0,43.400961925995944
from_memory,2,1,8,0,12,0,43.475037762000284
from_memory,2,1,8,0,13,0,43.287048906000564
from_memory,2,1,8,0,14,0,43.57862510999985
from_memory,2,1,8,0,15,0,43.34008903599897
from_memory,2,1,8,0,16,0,43.54161536299944
from_memory,2,1,8,0,17,0,43.589423933000944
from_memory,2,1,8,0,18,0,43.43913046099624
from_memory,2,1,8,0,19,0,43.57901832299831
from_memory,2,1,8,0,20,0,43.50183502199798
from_memory,2,1,8,0,21,0,43.57001473099808
from_memory,2,1,8,0,22,0,43.52213469900016
from_memory,2,1,8,0,23,0,43.54362095199758
from_memory,2,1,8,0,24,0,43.5293109330014
from_memory,2,1,8,0,25,0,43.50917104399559
from_memory,2,1,8,0,26,0,43.563982335996116
from_memory,2,1,8,0,27,0,43.55530002999876
from_memory,2,1,8,0,28,0,43.543034637994424
from_memory,2,1,8,0,29,0,43.62327895400085
from_memory,2,1,8,0,30,0,43.60947381200094
from_memory,2,1,8,0,31,0,43.560236835997785
from_memory,2,1,8,0,32,0,43.59039536400087
from_memory,2,1,8,0,33,0,43.61873050899885
from_memory,2,1,8,0,34,0,43.59785117099818
from_memory,2,1,8,0,35,0,43.53068116099894
from_memory,2,1,8,0,36,0,43.641556716997
from_memory,2,1,8,0,37,0,43.61500397299824
from_memory,2,1,8,0,38,0,43.619926671999565
from_memory,2,1,8,0,39,0,43.651191883996944
from_memory,2,1,8,0,40,0,43.655480355999316
from_memory,2,1,8,0,41,0,43.65165014899685
from_memory,2,1,8,0,42,0,43.62748214099702
from_memory,2,1,8,0,43,0,43.653896594994876
from_memory,2,1,8,0,44,0,43.67050150299474
from_memory,2,1,8,0,45,0,43.638274296994496
from_memory,2,1,8,0,46,0,43.66744060700148
from_memory,2,1,8,0,47,0,43.64044054799888
from_memory,2,1,8,0,48,0,43.66801344399573
from_memory,2,1,8,0,49,0,43.68068489199504
from_memory,2,1,8,0,50,0,43.67181599600008
from_memory,2,1,8,0,51,0,43.70828058599727
from_memory,2,1,8,0,52,0,43.66029629200057
from_memory,2,1,8,0,53,0,43.72438175499701
from_memory,2,1,8,0,54,0,43.686720352998236
from_memory,2,1,8,0,55,0,43.709066962997895
from_memory,2,1,8,0,56,0,43.68766527000116
from_memory,2,1,8,0,57,0,43.6782753189982
from_memory,2,1,8,0,58,0,43.70854031599447
from_memory,2,1,8,0,59,0,43.70840280799894
from_memory,2,1,8,0,60,0,43.6977176520013
from_memory,2,1,8,0,61,0,43.709840319999785
from_memory,2,1,8,0,62,0,43.697493640000175
from_memory,2,1,8,0,63,0,43.72309729299741
from_memory,2,1,8,0,64,0,43.72961226500047
from_memory,2,1,8,0,65,0,43.741735046998656
from_memory,2,1,8,0,66,0,43.72823172399512
from_memory,2,1,8,0,67,0,43.91291600000113
from_memory,2,1,8,0,68,0,43.722695815995394
from_memory,2,1,8,0,69,0,43.73713430800126
from_memory,2,1,8,0,70,0,43.74263179699483
from_memory,2,1,8,0,71,0,43.76392573899648
from_memory,2,1,8,0,72,0,43.76522396099608
from_memory,2,1,8,0,73,0,43.75252881900087
from_memory,2,1,8,0,74,0,43.75825805099885
from_memory,2,1,8,0,75,0,43.93013408099796
from_memory,2,1,8,0,76,0,43.76322742799675
from_memory,2,1,8,0,77,0,43.8574291900004
from_memory,2,1,8,0,78,0,43.92008609199547
from_memory,2,1,8,0,79,0,44.17418042400095
from_memory,2,1,8,0,80,0,44.073533090995625
from_memory,2,1,8,0,81,0,44.41015277199767
from_memory,2,1,8,0,82,0,44.44912095499603
from_memory,2,1,8,0,83,0,44.18066981699667
from_memory,2,1,8,0,84,0,44.28485357300087
from_memory,2,1,8,0,85,0,44.37221660499927
from_memory,2,1,8,0,86,0,44.245402631000616
from_memory,2,1,8,0,87,0,44.37607055699482
from_memory,2,1,8,0,88,0,44.33423397199658
from_memory,2,1,8,0,89,0,44.41716710499895
from_memory,2,1,8,0,90,0,44.41198445199552
from_memory,2,1,8,0,91,0,44.52057093199983
from_memory,2,1,8,0,92,0,44.41393604900077
from_memory,2,1,8,0,93,0,44.38246374799928
from_memory,2,1,8,0,94,0,44.4258283320014
from_memory,2,1,8,0,95,0,45.40603745399858
from_memory,2,1,8,0,96,0,44.61183286400046
from_memory,2,1,8,0,97,0,45.39106671400077
from_memory,2,1,8,0,98,0,45.393565285994555
from_memory,2,1,8,0,99,0,45.4073405589952
from_memory,2,1,8,1,0,0,43.57969990299898
from_memory,2,1,8,1,1,0,43.36021187000006
from_memory,2,1,8,1,2,0,43.53886156500084
from_memory,2,1,8,1,3,0,43.45189680499607
from_memory,2,1,8,1,4,0,43.39020523499494
from_memory,2,1,8,1,5,0,43.68319328499638
from_memory,2,1,8,1,6,0,43.842669944999216
from_memory,2,1,8,1,7,0,43.71426725600031
from_memory,2,1,8,1,8,0,43.83771347400034
from_memory,2,1,8,1,9,0,43.76605603200005
from_memory,2,1,8,1,10,0,43.493910558994685
from_memory,2,1,8,1,11,0,43.818178909998096
from_memory,2,1,8,1,12,0,43.74199096799566
from_memory,2,1,8,1,13,0,43.745098888997745
from_memory,2,1,8,1,14,0,43.66066102300101
from_memory,2,1,8,1,15,0,43.76841023499583
from_memory,2,1,8,1,16,0,43.32320611099567
from_memory,2,1,8,1,17,0,43.62144634300057
from_memory,2,1,8,1,18,0,43.86186087199894
from_memory,2,1,8,1,19,0,43.421848906997184
from_memory,2,1,8,1,20,0,43.689779330998135
from_memory,2,1,8,1,21,0,43.84249630299746
from_memory,2,1,8,1,22,0,43.88588412399986
from_memory,2,1,8,1,23,0,43.64603495299525
from_memory,2,1,8,1,24,0,43.72156442599953
from_memory,2,1,8,1,25,0,43.87747960399429
from_memory,2,1,8,1,26,0,43.82083884700114
from_memory,2,1,8,1,27,0,43.86612115499884
from_memory,2,1,8,1,28,0,43.765092722998816
from_memory,2,1,8,1,29,0,43.838935164996656
from_memory,2,1,8,1,30,0,43.887483489997976
from_memory,2,1,8,1,31,0,43.79057035599544
from_memory,2,1,8,1,32,0,43.91410276499664
from_memory,2,1,8,1,33,0,43.809671167997294
from_memory,2,1,8,1,34,0,43.916568599997845
from_memory,2,1,8,1,35,0,43.97331665999809
from_memory,2,1,8,1,36,0,43.97381466099614
from_memory,2,1,8,1,37,0,43.92924911400041
from_memory,2,1,8,1,38,0,43.89719666200108
from_memory,2,1,8,1,39,0,43.91454912599875
from_memory,2,1,8,1,40,0,43.93619094099995
from_memory,2,1,8,1,41,0,43.934185047997744
from_memory,2,1,8,1,42,0,43.917330361000495
from_memory,2,1,8,1,43,0,43.92325466300099
from_memory,2,1,8,1,44,0,43.95149834699987
from_memory,2,1,8,1,45,0,43.9443070060006
from_memory,2,1,8,1,46,0,43.95923908399709
from_memory,2,1,8,1,47,0,43.956919354001
from_memory,2,1,8,1,48,0,43.95645355699526
from_memory,2,1,8,1,49,0,43.945706910999434
from_memory,2,1,8,1,50,0,43.961413773999084
from_memory,2,1,8,1,51,0,44.008507232996635
from_memory,2,1,8,1,52,0,43.962094859998615
from_memory,2,1,8,1,53,0,43.99089660900063
from_memory,2,1,8,1,54,0,44.007277823999175
from_memory,2,1,8,1,55,0,43.97610211299616
from_memory,2,1,8,1,56,0,44.010587423996185
from_memory,2,1,8,1,57,0,43.99015676599811
from_memory,2,1,8,1,58,0,43.98252541099646
from_memory,2,1,8,1,59,0,43.986567902997194
from_memory,2,1,8,1,60,0,43.98732122199726
from_memory,2,1,8,1,61,0,43.99967483599903
from_memory,2,1,8,1,62,0,44.028425026997866
from_memory,2,1,8,1,63,0,44.006055013996956
from_memory,2,1,8,1,64,0,44.039080944996385
from_memory,2,1,8,1,65,0,44.050534715999675
from_memory,2,1,8,1,66,0,44.029858908994356
from_memory,2,1,8,1,67,0,44.03531379199558
from_memory,2,1,8,1,68,0,44.028964462995646
from_memory,2,1,8,1,69,0,44.027447784996184
from_memory,2,1,8,1,70,0,44.04808957199566
from_memory,2,1,8,1,71,0,44.08970951900119
from_memory,2,1,8,1,72,0,44.04072165500111
from_memory,2,1,8,1,73,0,44.4646851389989
from_memory,2,1,8,1,74,0,44.05047597199882
from_memory,2,1,8,1,75,0,44.38584484899911
from_memory,2,1,8,1,76,0,44.05070144699857
from_memory,2,1,8,1,77,0,44.05274304199702
from_memory,2,1,8,1,78,0,44.3652309159952
from_memory,2,1,8,1,79,0,44.34958152999752
from_memory,2,1,8,1,80,0,44.48721331200068
from_memory,2,1,8,1,81,0,44.350609978995635
from_memory,2,1,8,1,82,0,44.490956262998225
from_memory,2,1,8,1,83,0,44.591774153996084
from_memory,2,1,8,1,84,0,44.53849912699661
from_memory,2,1,8,1,85,0,44.469346876998316
from_memory,2,1,8,1,86,0,44.555280722001044
from_memory,2,1,8,1,87,0,44.48274065499572
from_memory,2,1,8,1,88,0,44.60896620799758
from_memory,2,1,8,1,89,0,44.58025706199987
from_memory,2,1,8,1,90,0,44.65273196599446
from_memory,2,1,8,1,91,0,44.835648246000346
from_memory,2,1,8,1,92,0,44.634801843996684
from_memory,2,1,8,1,93,0,44.629842427995754
from_memory,2,1,8,1,94,0,44.6406028450001
from_memory,2,1,8,1,95,0,44.78274166499614
from_memory,2,1,8,1,96,0,45.580097293997824
from_memory,2,1,8,1,97,0,45.625046674998885
from_memory,2,1,8,1,98,0,45.69408779999503
from_memory,2,1,8,1,99,0,45.57679574699432
from_memory,2,1,8,2,0,0,43.34593668999878
from_memory,2,1,8,2,1,0,43.54995883399533
from_memory,2,1,8,2,2,0,43.48366043099668
from_memory,2,1,8,2,3,0,43.54602411599626
from_memory,2,1,8,2,4,0,43.375577030994464
from_memory,2,1,8,2,5,0,43.46681186599744
from_memory,2,1,8,2,6,0,43.66836857699673
from_memory,2,1,8,2,7,0,43.45976705799694
from_memory,2,1,8,2,8,0,43.40612942000007
from_memory,2,1,8,2,9,0,43.75151129999722
from_memory,2,1,8,2,10,0,43.65941653099435
from_memory,2,1,8,2,11,0,43.756475854999735
from_memory,2,1,8,2,12,0,43.582988404996286
from_memory,2,1,8,2,13,0,43.493241539996234
from_memory,2,1,8,2,14,0,43.444472420997045
from_memory,2,1,8,2,15,0,43.716678470998886
from_memory,2,1,8,2,16,0,43.58154404399829
from_memory,2,1,8,2,17,0,43.51446536799631
from_memory,2,1,8,2,18,0,43.6085262609995
from_memory,2,1,8,2,19,0,43.5997330809987
from_memory,2,1,8,2,20,0,43.69010100499872
from_memory,2,1,8,2,21,0,43.78359348899539
from_memory,2,1,8,2,22,0,43.62947045599867
from_memory,2,1,8,2,23,0,43.6920775030012
from_memory,2,1,8,2,24,0,43.63596040599805
from_memory,2,1,8,2,25,0,43.69271457699506
from_memory,2,1,8,2,26,0,43.638545261994295
from_memory,2,1,8,2,27,0,43.72710798299522
from_memory,2,1,8,2,28,0,43.714814766994095
from_memory,2,1,8,2,29,0,43.76319788699766
from_memory,2,1,8,2,30,0,43.65677742299886
from_memory,2,1,8,2,31,0,43.77047024099738
from_memory,2,1,8,2,32,0,43.79196946099546
from_memory,2,1,8,2,33,0,43.8188009949954
from_memory,2,1,8,2,34,0,43.793108186997415
from_memory,2,1,8,2,35,0,43.812535630997445
from_memory,2,1,8,2,36,0,43.84919541399722
from_memory,2,1,8,2,37,0,43.85916042699682
from_memory,2,1,8,2,38,0,43.81907935300114
from_memory,2,1,8,2,39,0,43.86012718499842
from_memory,2,1,8,2,40,0,43.850821987995005
from_memory,2,1,8,2,41,0,43.88113712199993
from_memory,2,1,8,2,42,0,43.92989183800091
from_memory,2,1,8,2,43,0,43.87331519199506
from_memory,2,1,8,2,44,0,43.88543082399701
from_memory,2,1,8,2,45,0,43.90939994499786
from_memory,2,1,8,2,46,0,43.90731495899672
from_memory,2,1,8,2,47,0,43.93966147299943
from_memory,2,1,8,2,48,0,43.95407456699468
from_memory,2,1,8,2,49,0,43.90444943699549
from_memory,2,1,8,2,50,0,43.888380566000706
from_memory,2,1,8,2,51,0,43.96207352900092
from_memory,2,1,8,2,52,0,43.96310622299643
from_memory,2,1,8,2,53,0,43.93374923599913
from_memory,2,1,8,2,54,0,44.001453816999856
from_memory,2,1,8,2,55,0,43.94473454699619
from_memory,2,1,8,2,56,0,43.952059579998604
from_memory,2,1,8,2,57,0,43.98236088599515
from_memory,2,1,8,2,58,0,43.966869407995546
from_memory,2,1,8,2,59,0,43.92113308199623
from_memory,2,1,8,2,60,0,43.994994822998706
from_memory,2,1,8,2,61,0,43.98574955199729
from_memory,2,1,8,2,62,0,44.02981621700019
from_memory,2,1,8,2,63,0,44.007617593997566
from_memory,2,1,8,2,64,0,44.00728807099949
from_memory,2,1,8,2,65,0,44.002725890000875
from_memory,2,1,8,2,66,0,44.0121751839979
from_memory,2,1,8,2,67,0,44.029351245000726
from_memory,2,1,8,2,68,0,44.03368990499439
from_memory,2,1,8,2,69,0,44.02773474100104
from_memory,2,1,8,2,70,0,44.04601132799871
from_memory,2,1,8,2,71,0,44.17538725499617
from_memory,2,1,8,2,72,0,44.1771576329993
from_memory,2,1,8,2,73,0,44.047451302998525
from_memory,2,1,8,2,74,0,44.117510830001265
from_memory,2,1,8,2,75,0,44.05568381299963
from_memory,2,1,8,2,76,0,44.125392561996705
from_memory,2,1,8,2,77,0,44.24388277199614
from_memory,2,1,8,2,78,0,44.133053492994804
from_memory,2,1,8,2,79,0,44.36462657700031
from_memory,2,1,8,2,80,0,44.19193627799541
from_memory,2,1,8,2,81,0,44.32654714999808
from_memory,2,1,8,2,82,0,44.356918732999475
from_memory,2,1,8,2,83,0,44.43175450599665
from_memory,2,1,8,2,84,0,44.35450605299411
from_memory,2,1,8,2,85,0,44.49251482999534
from_memory,2,1,8,2,86,0,44.3963486559951
from_memory,2,1,8,2,87,0,44.5609434729995
from_memory,2,1,8,2,88,0,44.4941790649973
from_memory,2,1,8,2,89,0,44.48158292299922
from_memory,2,1,8,2,90,0,44.47609739699692
from_memory,2,1,8,2,91,0,44.52297132199601
from_memory,2,1,8,2,92,0,44.525485204998404
from_memory,2,1,8,2,93,0,44.69239000899688
from_memory,2,1,8,2,94,0,44.54000237699802
from_memory,2,1,8,2,95,0,44.64342991399462
from_memory,2,1,8,2,96,0,45.45648840400099
from_memory,2,1,8,2,97,0,45.55915355899924
from_memory,2,1,8,2,98,0,45.499674202997994
from_memory,2,1,8,2,99,0,45.55336796299525
from_memory,2,2,800,0,0,0,99.04963535499701
from_memory,2,2,800,0,0,1,99.15451749599742
from_memory,2,2,800,1,0,0,99.44887607900455
from_memory,2,2,800,1,0,1,101.01919853599975
from_memory,2,2,800,2,0,0,100.56711750599789
from_memory,2,2,800,2,0,1,103.0532494479994
from_memory,2,2,400,0,0,0,98.90896785099903
from_memory,2,2,400,0,0,1,101.46091351500218
from_memory,2,2,400,1,0,0,98.68477500100562
from_memory,2,2,400,1,0,1,98.88260925299983
from_memory,2,2,400,2,0,0,96.42191430800449
from_memory,2,2,400,2,0,1,98.38827554700401
from_memory,2,2,200,0,0,0,64.35848790199816
from_memory,2,2,200,0,0,1,65.90195750300336
from_memory,2,2,200,0,1,0,64.62608068899863
from_memory,2,2,200,0,1,1,65.32760040299763
from_memory,2,2,200,1,0,0,64.8916376720008
from_memory,2,2,200,1,0,1,65.00695059999998
from_memory,2,2,200,1,1,0,65.19606656300311
from_memory,2,2,200,1,1,1,65.78720169900043
from_memory,2,2,200,2,0,0,63.66796150400478
from_memory,2,2,200,2,0,1,65.08573485100351
from_memory,2,2,200,2,1,0,64.2029300350041
from_memory,2,2,200,2,1,1,65.3006502230055
from_memory,2,2,100,0,0,0,49.844920455005195
from_memory,2,2,100,0,0,1,49.94176547500683
from_memory,2,2,100,0,1,0,50.09105097700376
from_memory,2,2,100,0,1,1,50.632056960006594
from_memory,2,2,100,0,2,0,49.90492730900587
from_memory,2,2,100,0,2,1,49.969298407006136
from_memory,2,2,100,0,3,0,50.28518153400364
from_memory,2,2,100,0,3,1,50.64058484900306
from_memory,2,2,100,1,0,0,50.986547631000576
from_memory,2,2,100,1,0,1,51.13185235200217
from_memory,2,2,100,1,1,0,51.11821128900192
from_memory,2,2,100,1,1,1,51.2403400300027
from_memory,2,2,100,1,2,0,51.109714559002896
from_memory,2,2,100,1,2,1,51.19167573600134
from_memory,2,2,100,1,3,0,51.11935018099757
from_memory,2,2,100,1,3,1,51.62209564699879
from_memory,2,2,100,2,0,0,51.149236803998065
from_memory,2,2,100,2,0,1,51.26366570399841
from_memory,2,2,100,2,1,0,51.3147729150005
from_memory,2,2,100,2,1,1,51.742856960998324
from_memory,2,2,100,2,2,0,51.17654326999764
from_memory,2,2,100,2,2,1,51.84706847699999
from_memory,2,2,100,2,3,0,51.162312487002055
from_memory,2,2,100,2,3,1,51.34981132100074
from_memory,2,2,50,0,0,0,44.936708870001894
from_memory,2,2,50,0,0,1,45.92770301800192
from_memory,2,2,50,0,1,0,45.89050403299916
from_memory,2,2,50,0,1,1,45.92082687799848
from_memory,2,2,50,0,2,0,45.002770756000245
from_memory,2,2,50,0,2,1,45.88164772700111
from_memory,2,2,50,0,3,0,45.85760831399966
from_memory,2,2,50,0,3,1,45.90594966799836
from_memory,2,2,50,0,4,0,45.28398233500047
from_memory,2,2,50,0,4,1,45.54072172300221
from_memory,2,2,50,0,5,0,45.51469273700059
from_memory,2,2,50,0,5,1,45.96553801299888
from_memory,2,2,50,0,6,0,45.49653166200005
from_memory,2,2,50,0,6,1,45.60586450900155
from_memory,2,2,50,0,7,0,45.226458728997386
from_memory,2,2,50,0,7,1,45.989691809998476
from_memory,2,2,50,1,0,0,43.98057949599752
from_memory,2,2,50,1,0,1,44.326651124996715
from_memory,2,2,50,1,1,0,45.49400312499347
from_memory,2,2,50,1,1,1,45.538550142999156
from_memory,2,2,50,1,2,0,45.27027093599463
from_memory,2,2,50,1,2,1,45.77641604899691
from_memory,2,2,50,1,3,0,44.17910800399841
from_memory,2,2,50,1,3,1,45.0508147569999
from_memory,2,2,50,1,4,0,45.21411553899816
from_memory,2,2,50,1,4,1,45.30407215199375
from_memory,2,2,50,1,5,0,45.576804847994936
from_memory,2,2,50,1,5,1,45.77509540799656
from_memory,2,2,50,1,6,0,45.51546955399681
from_memory,2,2,50,1,6,1,45.55491953499586
from_memory,2,2,50,1,7,0,44.953288508993865
from_memory,2,2,50,1,7,1,45.23283057200024
from_memory,2,2,50,2,0,0,45.272903137003595
from_memory,2,2,50,2,0,1,45.68632583800354
from_memory,2,2,50,2,1,0,45.7199417160009
from_memory,2,2,50,2,1,1,46.36166651399981
from_memory,2,2,50,2,2,0,46.18593862999842
from_memory,2,2,50,2,2,1,46.43942065999727
from_memory,2,2,50,2,3,0,46.40172005799832
from_memory,2,2,50,2,3,1,46.517857175000245
from_memory,2,2,50,2,4,0,46.15480478399695
from_memory,2,2,50,2,4,1,46.31632475199876
from_memory,2,2,50,2,5,0,46.337007619004
from_memory,2,2,50,2,5,1,46.34602358999837
from_memory,2,2,50,2,6,0,46.307999463999295
from_memory,2,2,50,2,6,1,46.33119931299734
from_memory,2,2,50,2,7,0,46.166598137999244
from_memory,2,2,50,2,7,1,46.45988938499795
from_memory,2,2,25,0,0,0,46.653127184996265
from_memory,2,2,25,0,0,1,46.7219787829963
from_memory,2,2,25,0,1,0,46.53893829599838
from_memory,2,2,25,0,1,1,46.7913744749967
from_memory,2,2,25,0,2,0,46.69907540799613
from_memory,2,2,25,0,2,1,46.82068616899778
from_memory,2,2,25,0,3,0,46.7960246099974
from_memory,2,2,25,0,3,1,46.94018002499797
from_memory,2,2,25,0,4,0,46.32639655499952
from_memory,2,2,25,0,4,1,46.34532730099454
from_memory,2,2,25,0,5,0,46.14535510199494
from_memory,2,2,25,0,5,1,46.73375391999434
from_memory,2,2,25,0,6,0,46.63940879399888
from_memory,2,2,25,0,6,1,46.800623229995836
from_memory,2,2,25,0,7,0,46.843922814994585
from_memory,2,2,25,0,7,1,46.91604080199613
from_memory,2,2,25,0,8,0,45.76019687299413
from_memory,2,2,25,0,8,1,46.125177308000275
from_memory,2,2,25,0,9,0,46.08546063999529
from_memory,2,2,25,0,9,1,46.78903268399881
from_memory,2,2,25,0,10,0,46.74715347199526
from_memory,2,2,25,0,10,1,46.882542164996266
from_memory,2,2,25,0,11,0,46.81849975299701
from_memory,2,2,25,0,11,1,46.89049379399512
from_memory,2,2,25,0,12,0,46.71626046599704
from_memory,2,2,25,0,12,1,46.90798629100027
from_memory,2,2,25,0,13,0,46.487465915997745
from_memory,2,2,25,0,13,1,46.866470322995156
from_memory,2,2,25,0,14,0,46.877855050996004
from_memory,2,2,25,0,14,1,46.88633744300023
from_memory,2,2,25,0,15,0,46.57815661600034
from_memory,2,2,25,0,15,1,46.77400967099675
from_memory,2,2,25,1,0,0,45.8780323280007
from_memory,2,2,25,1,0,1,46.04641984799673
from_memory,2,2,25,1,1,0,46.977701245996286
from_memory,2,2,25,1,1,1,47.02140638999845
from_memory,2,2,25,1,2,0,46.44654863700271
from_memory,2,2,25,1,2,1,46.88078559200221
from_memory,2,2,25,1,3,0,46.67707410299772
from_memory,2,2,25,1,3,1,46.953927294001915
from_memory,2,2,25,1,4,0,46.92200230200251
from_memory,2,2,25,1,4,1,46.93480882800213
from_memory,2,2,25,1,5,0,45.83826369299641
from_memory,2,2,25,1,5,1,46.29319640999893
from_memory,2,2,25,1,6,0,46.98795293299918
from_memory,2,2,25,1,6,1,47.13873752899963
from_memory,2,2,25,1,7,0,45.535866325000825
from_memory,2,2,25,1,7,1,46.93144820500311
from_memory,2,2,25,1,8,0,46.12693962200137
from_memory,2,2,25,1,8,1,46.97493978899729
from_memory,2,2,25,1,9,0,46.45149098699767
from_memory,2,2,25,1,9,1,46.97142466600053
from_memory,2,2,25,1,10,0,46.67269415399642
from_memory,2,2,25,1,10,1,47.135902073998295
from_memory,2,2,25,1,11,0,46.26980812900001
from_memory,2,2,25,1,11,1,46.56657566999638
from_memory,2,2,25,1,12,0,45.475143499003025
from_memory,2,2,25,1,12,1,46.90094024199789
from_memory,2,2,25,1,13,0,46.98207090699725
from_memory,2,2,25,1,13,1,47.090782482002396
from_memory,2,2,25,1,14,0,46.70973132800282
from_memory,2,2,25,1,14,1,47.08435381399613
from_memory,2,2,25,1,15,0,47.09523617800005
from_memory,2,2,25,1,15,1,47.10979055699863
from_memory,2,2,25,2,0,0,47.352848470000026
from_memory,2,2,25,2,0,1,47.367132200000924
from_memory,2,2,25,2,1,0,47.140542285000265
from_memory,2,2,25,2,1,1,47.5049895129996
from_memory,2,2,25,2,2,0,47.460112679000304
from_memory,2,2,25,2,2,1,47.64417204599886
from_memory,2,2,25,2,3,0,47.12579779099906
from_memory,2,2,25,2,3,1,47.61048073299753
from_memory,2,2,25,2,4,0,46.357450632996915
from_memory,2,2,25,2,4,1,47.319001544994535
from_memory,2,2,25,2,5,0,47.36694315299974
from_memory,2,2,25,2,5,1,47.42762448499707
from_memory,2,2,25,2,6,0,47.47359950599639
from_memory,2,2,25,2,6,1,47.62448196499463
from_memory,2,2,25,2,7,0,47.567523640995205
from_memory,2,2,25,2,7,1,47.60197226199671
from_memory,2,2,25,2,8,0,47.483354304000386
from_memory,2,2,25,2,8,1,47.576019505999284
from_memory,2,2,25,2,9,0,47.06149538799946
from_memory,2,2,25,2,9,1,47.613440952998644
from_memory,2,2,25,2,10,0,47.2647839429992
from_memory,2,2,25,2,10,1,47.62015934599913
from_memory,2,2,25,2,11,0,47.295388942999125
from_memory,2,2,25,2,11,1,47.564652264998585
from_memory,2,2,25,2,12,0,47.30006014999526
from_memory,2,2,25,2,12,1,47.59288612999808
from_memory,2,2,25,2,13,0,47.36141529699671
from_memory,2,2,25,2,13,1,47.42057758599549
from_memory,2,2,25,2,14,0,47.370949805001146
from_memory,2,2,25,2,14,1,47.5555613309989
from_memory,2,2,25,2,15,0,47.00419582299946
from_memory,2,2,25,2,15,1,47.65808078999544
from_memory,2,2,16,0,0,0,40.09730019500421
from_memory,2,2,16,0,0,1,40.15074310899945
from_memory,2,2,16,0,1,0,40.17435604699858
from_memory,2,2,16,0,1,1,40.2030683960038
from_memory,2,2,16,0,2,0,40.007926092999696
from_memory,2,2,16,0,2,1,40.1538695249983
from_memory,2,2,16,0,3,0,40.21958927000378
from_memory,2,2,16,0,3,1,40.21940575500048
from_memory,2,2,16,0,4,0,40.12301281499822
from_memory,2,2,16,0,4,1,40.177814950999164
from_memory,2,2,16,0,5,0,40.15876111900434
from_memory,2,2,16,0,5,1,40.21194531900255
from_memory,2,2,16,0,6,0,40.05365754200466
from_memory,2,2,16,0,6,1,40.14698011400469
from_memory,2,2,16,0,7,0,40.22513383000478
from_memory,2,2,16,0,7,1,40.27888440999959
from_memory,2,2,16,0,8,0,40.21812336400035
from_memory,2,2,16,0,8,1,40.3245750970018
from_memory,2,2,16,0,9,0,40.10896874299942
from_memory,2,2,16,0,9,1,40.22125710199907
from_memory,2,2,16,0,10,0,40.11480457200378
from_memory,2,2,16,0,10,1,40.162157329003094
from_memory,2,2,16,0,11,0,40.20220776899805
from_memory,2,2,16,0,11,1,40.241062084001896
from_memory,2,2,16,0,12,0,40.17783865200181
from_memory,2,2,16,0,12,1,40.23990573699848
from_memory,2,2,16,0,13,0,44.72507527699781
from_memory,2,2,16,0,13,1,45.994924536003964
from_memory,2,2,16,0,14,0,45.02555581100023
from_memory,2,2,16,0,14,1,45.15189313400333
from_memory,2,2,16,0,15,0,40.20218586100236
from_memory,2,2,16,0,15,1,40.22954335900431
from_memory,2,2,16,0,16,0,45.22314028000255
from_memory,2,2,16,0,16,1,46.13974671500182
from_memory,2,2,16,0,17,0,45.12487977099954
from_memory,2,2,16,0,17,1,45.184682311999495
from_memory,2,2,16,0,18,0,45.22251215700089
from_memory,2,2,16,0,18,1,45.36733121600264
from_memory,2,2,16,0,19,0,44.64349465000123
from_memory,2,2,16,0,19,1,46.25304656300432
from_memory,2,2,16,0,20,0,40.24835147400154
from_memory,2,2,16,0,20,1,40.279294956999365
from_memory,2,2,16,0,21,0,44.9649644279998
from_memory,2,2,16,0,21,1,45.00519938400248
from_memory,2,2,16,0,22,0,40.15854532900266
from_memory,2,2,16,0,22,1,40.27895073500258
from_memory,2,2,16,0,23,0,44.57071388600161
from_memory,2,2,16,0,23,1,46.2089202069983
from_memory,2,2,16,0,24,0,44.75011739400361
from_memory,2,2,16,0,24,1,44.75213047899888
from_memory,2,2,16,1,0,0,40.20191859300394
from_memory,2,2,16,1,0,1,40.26866245900601
from_memory,2,2,16,1,1,0,40.25345973500225
from_memory,2,2,16,1,1,1,40.25843810200604
from_memory,2,2,16,1,2,0,40.00573444800102
from_memory,2,2,16,1,2,1,40.25421888100391
from_memory,2,2,16,1,3,0,40.14999880500545
from_memory,2,2,16,1,3,1,40.17844308800704
from_memory,2,2,16,1,4,0,40.06362370300485
from_memory,2,2,16,1,4,1,40.14311808500497
from_memory,2,2,16,1,5,0,45.126854670001194
from_memory,2,2,16,1,5,1,46.23504403800325
from_memory,2,2,16,1,6,0,45.19139115400321
from_memory,2,2,16,1,6,1,45.22764444200584
from_memory,2,2,16,1,7,0,45.08060754100006
from_memory,2,2,16,1,7,1,45.11451850300364
from_memory,2,2,16,1,8,0,40.07573995300481
from_memory,2,2,16,1,8,1,40.10071346600307
from_memory,2,2,16,1,9,0,44.644620205006504
from_memory,2,2,16,1,9,1,46.10114493200672
from_memory,2,2,16,1,10,0,40.2499142240049
from_memory,2,2,16,1,10,1,40.35460213400074
from_memory,2,2,16,1,11,0,45.18755896100629
from_memory,2,2,16,1,11,1,45.19076341600157
from_memory,2,2,16,1,12,0,40.12451622400113
from_memory,2,2,16,1,12,1,40.27236622100463
from_memory,2,2,16,1,13,0,45.199387973007106
from_memory,2,2,16,1,13,1,46.36566475500149
from_memory,2,2,16,1,14,0,40.42453169300279
from_memory,2,2,16,1,14,1,40.449498674002825
from_memory,2,2,16,1,15,0,44.80829410600563
from_memory,2,2,16,1,15,1,44.948745877001784
from_memory,2,2,16,1,16,0,44.94726227100182
from_memory,2,2,16,1,16,1,45.16707988700364
from_memory,2,2,16,1,17,0,40.22856150000007
from_memory,2,2,16,1,17,1,40.26094127200486
from_memory,2,2,16,1,18,0,40.103672819001076
from_memory,2,2,16,1,18,1,40.14153298700694
from_memory,2,2,16,1,19,0,45.09116629500204
from_memory,2,2,16,1,19,1,46.221098182002606
from_memory,2,2,16,1,20,0,40.10821700700035
from_memory,2,2,16,1,20,1,40.19633964700188
from_memory,2,2,16,1,21,0,40.217177720005566
from_memory,2,2,16,1,21,1,40.21847424500447
from_memory,2,2,16,1,22,0,40.20293760700588
from_memory,2,2,16,1,22,1,40.26354109800013
from_memory,2,2,16,1,23,0,40.184380606006016
from_memory,2,2,16,1,23,1,40.250099406002846
from_memory,2,2,16,1,24,0,40.26534113600064
from_memory,2,2,16,1,24,1,40.417476460002945
from_memory,2,2,16,2,0,0,38.90795943400008
from_memory,2,2,16,2,0,1,41.467868877
from_memory,2,2,16,2,1,0,39.04566888100089
from_memory,2,2,16,2,1,1,39.242009634996066
from_memory,2,2,16,2,2,0,45.120702064996294
from_memory,2,2,16,2,2,1,45.9834243410005
from_memory,2,2,16,2,3,0,38.83804833499744
from_memory,2,2,16,2,3,1,40.84273984599713
from_memory,2,2,16,2,4,0,38.967580074997386
from_memory,2,2,16,2,4,1,41.53862106499582
from_memory,2,2,16,2,5,0,38.92510606699943
from_memory,2,2,16,2,5,1,41.519312200995046
from_memory,2,2,16,2,6,0,44.826265928000794
from_memory,2,2,16,2,6,1,45.04461159600032
from_memory,2,2,16,2,7,0,38.99840705299721
from_memory,2,2,16,2,7,1,39.19657136799651
from_memory,2,2,16,2,8,0,39.10152270899562
from_memory,2,2,16,2,8,1,39.2433416299973
from_memory,2,2,16,2,9,0,44.93203263399482
from_memory,2,2,16,2,9,1,44.954161572000885
from_memory,2,2,16,2,10,0,45.05444072499813
from_memory,2,2,16,2,10,1,45.9379481069991
from_memory,2,2,16,2,11,0,44.94314897299773
from_memory,2,2,16,2,11,1,45.92773700499674
from_memory,2,2,16,2,12,0,39.1508702659994
from_memory,2,2,16,2,12,1,40.36123458999646
from_memory,2,2,16,2,13,0,39.138310834998265
from_memory,2,2,16,2,13,1,41.55933957999514
from_memory,2,2,16,2,14,0,44.344178384999395
from_memory,2,2,16,2,14,1,44.648296888000914
from_memory,2,2,16,2,15,0,44.17364394699689
from_memory,2,2,16,2,15,1,45.59419866999815
from_memory,2,2,16,2,16,0,38.87909782299539
from_memory,2,2,16,2,16,1,39.11823701799585
from_memory,2,2,16,2,17,0,40.93310712499806
from_memory,2,2,16,2,17,1,41.357667267999204
from_memory,2,2,16,2,18,0,44.695443238000735
from_memory,2,2,16,2,18,1,44.779594382998766
from_memory,2,2,16,2,19,0,38.95115946199803
from_memory,2,2,16,2,19,1,41.192820803997165
from_memory,2,2,16,2,20,0,39.18341202799638
from_memory,2,2,16,2,20,1,39.20315992099495
from_memory,2,2,16,2,21,0,44.33388339699741
from_memory,2,2,16,2,21,1,44.93896093899821
from_memory,2,2,16,2,22,0,39.060397214998375
from_memory,2,2,16,2,22,1,39.1300207069944
from_memory,2,2,16,2,23,0,39.01296716700017
from_memory,2,2,16,2,23,1,39.184826585995324
from_memory,2,2,16,2,24,0,38.862700378995214
from_memory,2,2,16,2,24,1,41.787388951997855
from_memory,2,2,8,0,0,0,43.32107442100096
from_memory,2,2,8,0,0,1,43.419706088003295
from_memory,2,2,8,0,1,0,43.45845926999755
from_memory,2,2,8,0,1,1,43.50126373400417
from_memory,2,2,8,0,2,0,43.47318714299763
from_memory,2,2,8,0,2,1,43.50614791899716
from_memory,2,2,8,0,3,0,43.45981212799961
from_memory,2,2,8,0,3,1,43.54380161700101
from_memory,2,2,8,0,4,0,43.50706091200118
from_memory,2,2,8,0,4,1,43.54427657100314
from_memory,2,2,8,0,5,0,43.29278422099742
from_memory,2,2,8,0,5,1,43.36080389199924
from_memory,2,2,8,0,6,0,43.41449676800403
from_memory,2,2,8,0,6,1,43.433966866003175
from_memory,2,2,8,0,7,0,43.44890769899939
from_memory,2,2,8,0,7,1,43.456666131998645
from_memory,2,2,8,0,8,0,43.52108419100114
from_memory,2,2,8,0,8,1,43.53606327799935
from_memory,2,2,8,0,9,0,43.45714134199807
from_memory,2,2,8,0,9,1,43.49076322899782
from_memory,2,2,8,0,10,0,43.518152894001105
from_memory,2,2,8,0,10,1,43.53247594200366
from_memory,2,2,8,0,11,0,43.49210138199851
from_memory,2,2,8,0,11,1,43.54269010900316
from_memory,2,2,8,0,12,0,43.39089115399838
from_memory,2,2,8,0,12,1,43.48290204600198
from_memory,2,2,8,0,13,0,43.597832576000656
from_memory,2,2,8,0,13,1,43.60406028300349
from_memory,2,2,8,0,14,0,43.4372814130038
from_memory,2,2,8,0,14,1,43.48127047200251
from_memory,2,2,8,0,15,0,43.51530128000013
from_memory,2,2,8,0,15,1,43.54932900700078
from_memory,2,2,8,0,16,0,43.54845317499712
from_memory,2,2,8,0,16,1,43.559170590000576
from_memory,2,2,8,0,17,0,43.58982797500357
from_memory,2,2,8,0,17,1,43.60777112500364
from_memory,2,2,8,0,18,0,43.56727184299962
from_memory,2,2,8,0,18,1,43.58021712399932
from_memory,2,2,8,0,19,0,43.56936218900228
from_memory,2,2,8,0,19,1,43.57915245400363
from_memory,2,2,8,0,20,0,43.58158991399978
from_memory,2,2,8,0,20,1,43.61023592700076
from_memory,2,2,8,0,21,0,43.63258059800137
from_memory,2,2,8,0,21,1,43.690470717003336
from_memory,2,2,8,0,22,0,43.60052813200309
from_memory,2,2,8,0,22,1,43.600987033998535
from_memory,2,2,8,0,23,0,43.64670117700007
from_memory,2,2,8,0,23,1,43.65175312299834
from_memory,2,2,8,0,24,0,43.6284152579974
from_memory,2,2,8,0,24,1,43.632382335999864
from_memory,2,2,8,0,25,0,43.62532136400114
from_memory,2,2,8,0,25,1,43.635036332998425
from_memory,2,2,8,0,26,0,43.66431000600278
from_memory,2,2,8,0,26,1,43.68021336200036
from_memory,2,2,8,0,27,0,43.6255583969978
from_memory,2,2,8,0,27,1,43.65434105500026
from_memory,2,2,8,0,28,0,43.653413352003554
from_memory,2,2,8,0,28,1,43.677087707998
from_memory,2,2,8,0,29,0,43.677087640004174
from_memory,2,2,8,0,29,1,43.69170532299904
from_memory,2,2,8,0,30,0,43.65407650200359
from_memory,2,2,8,0,30,1,43.690104032997624
from_memory,2,2,8,0,31,0,43.69897464800306
from_memory,2,2,8,0,31,1,43.69949039899802
from_memory,2,2,8,0,32,0,43.709374698999454
from_memory,2,2,8,0,32,1,43.717693541999324
from_memory,2,2,8,0,33,0,43.708259421997354
from_memory,2,2,8,0,33,1,43.724133558003814
from_memory,2,2,8,0,34,0,43.724132691000705
from_memory,2,2,8,0,34,1,43.7346120680013
from_memory,2,2,8,0,35,0,43.72091805600212
from_memory,2,2,8,0,35,1,43.764945285001886
from_memory,2,2,8,0,36,0,43.71805939300248
from_memory,2,2,8,0,36,1,43.8815655599974
from_memory,2,2,8,0,37,0,44.00236709300225
from_memory,2,2,8,0,37,1,44.027146125998115
from_memory,2,2,8,0,38,0,43.73834374100261
from_memory,2,2,8,0,38,1,43.860080473998096
from_memory,2,2,8,0,39,0,43.85900715299795
from_memory,2,2,8,0,39,1,43.98411367800145
from_memory,2,2,8,0,40,0,43.95488847800152
from_memory,2,2,8,0,40,1,44.068849365998176
from_memory,2,2,8,0,41,0,44.21516101100133
from_memory,2,2,8,0,41,1,44.240694662999886
from_memory,2,2,8,0,42,0,43.73919649200252
from_memory,2,2,8,0,42,1,44.07131034300255
from_memory,2,2,8,0,43,0,44.08859397500055
from_memory,2,2,8,0,43,1,44.18555128000298
from_memory,2,2,8,0,44,0,44.153569941998285
from_memory,2,2,8,0,44,1,44.15803330700146
from_memory,2,2,8,0,45,0,45.262432354997145
from_memory,2,2,8,0,45,1,45.3003985280011
from_memory,2,2,8,0,46,0,45.29984080899885
from_memory,2,2,8,0,46,1,45.30316034200223
from_memory,2,2,8,0,47,0,44.19520369899692
from_memory,2,2,8,0,47,1,44.264913464998244
from_memory,2,2,8,0,48,0,44.308903875004034
from_memory,2,2,8,0,48,1,44.322953153001436
from_memory,2,2,8,0,49,0,44.44262546399841
from_memory,2,2,8,0,49,1,44.627213594998466
from_memory,2,2,8,1,0,0,43.06903812899691
from_memory,2,2,8,1,0,1,43.17317255099624
from_memory,2,2,8,1,1,0,43.13452805700217
from_memory,2,2,8,1,1,1,43.19668334900052
from_memory,2,2,8,1,2,0,43.65744655099843
from_memory,2,2,8,1,2,1,43.68789819900121
from_memory,2,2,8,1,3,0,43.26998423600162
from_memory,2,2,8,1,3,1,43.70603064500028
from_memory,2,2,8,1,4,0,43.09330941300141
from_memory,2,2,8,1,4,1,43.40923674599617
from_memory,2,2,8,1,5,0,43.482055330998264
from_memory,2,2,8,1,5,1,43.5211791690017
from_memory,2,2,8,1,6,0,43.154584880001494
from_memory,2,2,8,1,6,1,43.216515150001214
from_memory,2,2,8,1,7,0,43.56296518899762
from_memory,2,2,8,1,7,1,43.61942175599688
from_memory,2,2,8,1,8,0,43.74856556099985
from_memory,2,2,8,1,8,1,43.757509622002544
from_memory,2,2,8,1,9,0,43.59162183399894
from_memory,2,2,8,1,9,1,43.645890312996926
from_memory,2,2,8,1,10,0,43.30279987800168
from_memory,2,2,8,1,10,1,43.45141802100261
from_memory,2,2,8,1,11,0,43.11417413799791
from_memory,2,2,8,1,11,1,43.61910924399854
from_memory,2,2,8,1,12,0,43.746560312996735
from_memory,2,2,8,1,12,1,43.75391778899939
from_memory,2,2,8,1,13,0,43.33777078199637
from_memory,2,2,8,1,13,1,43.37555749299645
from_memory,2,2,8,1,14,0,43.041968769997766
from_memory,2,2,8,1,14,1,43.23790785500023
from_memory,2,2,8,1,15,0,43.583995285996934
from_memory,2,2,8,1,15,1,43.72317177399964
from_memory,2,2,8,1,16,0,43.70372040000075
from_memory,2,2,8,1,16,1,43.71124481399602
from_memory,2,2,8,1,17,0,43.777516804002516
from_memory,2,2,8,1,17,1,43.81002154699672
from_memory,2,2,8,1,18,0,43.77564744900155
from_memory,2,2,8,1,18,1,43.794158899996546
from_memory,2,2,8,1,19,0,43.81649257800018
from_memory,2,2,8,1,19,1,43.82320788099605
from_memory,2,2,8,1,20,0,43.91046321699832
from_memory,2,2,8,1,20,1,43.94806078099646
from_memory,2,2,8,1,21,0,43.67259002100036
from_memory,2,2,8,1,21,1,43.729184329997224
from_memory,2,2,8,1,22,0,43.8904378369989
from_memory,2,2,8,1,22,1,43.89791043999867
from_memory,2,2,8,1,23,0,43.78244067000196
from_memory,2,2,8,1,23,1,43.84419011799764
from_memory,2,2,8,1,24,0,43.80177862999699
from_memory,2,2,8,1,24,1,43.827966135999304
from_memory,2,2,8,1,25,0,43.865107213001465
from_memory,2,2,8,1,25,1,43.87533957499545
from_memory,2,2,8,1,26,0,43.901604312995914
from_memory,2,2,8,1,26,1,43.911345444998005
from_memory,2,2,8,1,27,0,43.92076243899646
from_memory,2,2,8,1,27,1,43.936896234001324
from_memory,2,2,8,1,28,0,43.8458622659964
from_memory,2,2,8,1,28,1,43.91379450399836
from_memory,2,2,8,1,29,0,43.83303121499921
from_memory,2,2,8,1,29,1,43.8541121369999
from_memory,2,2,8,1,30,0,43.802886366000166
from_memory,2,2,8,1,30,1,43.903356780996546
from_memory,2,2,8,1,31,0,43.86535463399923
from_memory,2,2,8,1,31,1,43.92274940099742
from_memory,2,2,8,1,32,0,43.951308817995596
from_memory,2,2,8,1,32,1,43.96008726999571
from_memory,2,2,8,1,33,0,43.95445221399859
from_memory,2,2,8,1,33,1,43.95710359400255
from_memory,2,2,8,1,34,0,44.094756541002425
from_memory,2,2,8,1,34,1,44.253932822000934
from_memory,2,2,8,1,35,0,43.978360508997866
from_memory,2,2,8,1,35,1,43.98795863499981
from_memory,2,2,8,1,36,0,43.97627170600026
from_memory,2,2,8,1,36,1,43.97871798599954
from_memory,2,2,8,1,37,0,43.98795802999666
from_memory,2,2,8,1,37,1,44.12110078799742
from_memory,2,2,8,1,38,0,43.99998604600114
from_memory,2,2,8,1,38,1,44.01893244100211
from_memory,2,2,8,1,39,0,44.040948540998215
from_memory,2,2,8,1,39,1,44.21559330799937
from_memory,2,2,8,1,40,0,44.24242553499789
from_memory,2,2,8,1,40,1,44.40549122000084
from_memory,2,2,8,1,41,0,44.27482569700078
from_memory,2,2,8,1,41,1,44.33664763299748
from_memory,2,2,8,1,42,0,44.40468545899785
from_memory,2,2,8,1,42,1,44.45267294099904
from_memory,2,2,8,1,43,0,44.28487704900181
from_memory,2,2,8,1,43,1,44.36711786199885
from_memory,2,2,8,1,44,0,44.4818111229979
from_memory,2,2,8,1,44,1,44.4933417430002
from_memory,2,2,8,1,45,0,44.35825847899832
from_memory,2,2,8,1,45,1,44.378899650000676
from_memory,2,2,8,1,46,0,44.43459176799661
from_memory,2,2,8,1,46,1,44.451413254995714
from_memory,2,2,8,1,47,0,45.437998747001984
from_memory,2,2,8,1,47,1,45.44408307399863
from_memory,2,2,8,1,48,0,44.524270820998936
from_memory,2,2,8,1,48,1,44.58028532900062
from_memory,2,2,8,1,49,0,45.47554856199713
from_memory,2,2,8,1,49,1,45.47930812699633
from_memory,2,2,8,2,0,0,43.38728511500085
from_memory,2,2,8,2,0,1,43.41235884499474
from_memory,2,2,8,2,1,0,43.301104241996654
from_memory,2,2,8,2,1,1,43.3483919049977
from_memory,2,2,8,2,2,0,43.31684353899618
from_memory,2,2,8,2,2,1,43.357141432999924
from_memory,2,2,8,2,3,0,43.34824793000007
from_memory,2,2,8,2,3,1,43.60751103599614
from_memory,2,2,8,2,4,0,43.38631757499388
from_memory,2,2,8,2,4,1,43.541839731995424
from_memory,2,2,8,2,5,0,43.32882593699469
from_memory,2,2,8,2,5,1,43.36885697999969
from_memory,2,2,8,2,6,0,43.458205217000796
from_memory,2,2,8,2,6,1,43.53839414399408
from_memory,2,2,8,2,7,0,43.40305481299583
from_memory,2,2,8,2,7,1,43.49394354999822
from_memory,2,2,8,2,8,0,43.5402892879938
from_memory,2,2,8,2,8,1,43.582912268000655
from_memory,2,2,8,2,9,0,43.38553548699565
from_memory,2,2,8,2,9,1,43.433138030995906
from_memory,2,2,8,2,10,0,43.68803951799782
from_memory,2,2,8,2,10,1,43.70685581499856
from_memory,2,2,8,2,11,0,43.43949423299637
from_memory,2,2,8,2,11,1,43.481033587995626
from_memory,2,2,8,2,12,0,43.46555698999873
from_memory,2,2,8,2,12,1,43.4747104449998
from_memory,2,2,8,2,13,0,43.696824266000476
from_memory,2,2,8,2,13,1,43.72294045199669
from_memory,2,2,8,2,14,0,43.33767951199843
from_memory,2,2,8,2,14,1,43.43888550200063
from_memory,2,2,8,2,15,0,43.4524972109939
from_memory,2,2,8,2,15,1,43.51157568599592
from_memory,2,2,8,2,16,0,43.67602846799855
from_memory,2,2,8,2,16,1,43.69887849299994
from_memory,2,2,8,2,17,0,43.57991283899901
from_memory,2,2,8,2,17,1,43.580373983000754
from_memory,2,2,8,2,18,0,43.496757711996906
from_memory,2,2,8,2,18,1,43.51138047999848
from_memory,2,2,8,2,19,0,43.63313080899388
from_memory,2,2,8,2,19,1,43.645168594994175
from_memory,2,2,8,2,20,0,43.61136641899793
from_memory,2,2,8,2,20,1,43.65416143099719
from_memory,2,2,8,2,21,0,43.6134553869997
from_memory,2,2,8,2,21,1,43.63846990800084
from_memory,2,2,8,2,22,0,43.68822257199645
from_memory,2,2,8,2,22,1,43.74569188399619
from_memory,2,2,8,2,23,0,43.660669937999046
from_memory,2,2,8,2,23,1,43.66507200499473
from_memory,2,2,8,2,24,0,43.6107520749938
from_memory,2,2,8,2,24,1,43.63320086099702
from_memory,2,2,8,2,25,0,43.66165879699838
from_memory,2,2,8,2,25,1,43.67628484599845
from_memory,2,2,8,2,26,0,43.78328003799834
from_memory,2,2,8,2,26,1,43.79446874999849
from_memory,2,2,8,2,27,0,43.6998961270001
from_memory,2,2,8,2,27,1,43.70744514899707
from_memory,2,2,8,2,28,0,43.733539813998505
from_memory,2,2,8,2,28,1,43.76268230199639
from_memory,2,2,8,2,29,0,43.732990231997974
from_memory,2,2,8,2,29,1,43.761859032994835
from_memory,2,2,8,2,30,0,43.93680725399463
from_memory,2,2,8,2,30,1,44.21359310999833
from_memory,2,2,8,2,31,0,43.76456232499913
from_memory,2,2,8,2,31,1,43.78225718599424
from_memory,2,2,8,2,32,0,43.758425629996054
from_memory,2,2,8,2,32,1,43.76924839899584
from_memory,2,2,8,2,33,0,43.78219630999956
from_memory,2,2,8,2,33,1,43.785466403998726
from_memory,2,2,8,2,34,0,43.79665759399359
from_memory,2,2,8,2,34,1,43.82051656299882
from_memory,2,2,8,2,35,0,43.82016192699666
from_memory,2,2,8,2,35,1,43.82700543700048
from_memory,2,2,8,2,36,0,43.7978403149973
from_memory,2,2,8,2,36,1,43.80370673499419
from_memory,2,2,8,2,37,0,43.79059091999807
from_memory,2,2,8,2,37,1,43.804610314000456
from_memory,2,2,8,2,38,0,44.12624119699467
from_memory,2,2,8,2,38,1,44.163663229999656
from_memory,2,2,8,2,39,0,44.16567516899522
from_memory,2,2,8,2,39,1,44.18694023200078
from_memory,2,2,8,2,40,0,44.03954554200027
from_memory,2,2,8,2,40,1,44.14010626600066
from_memory,2,2,8,2,41,0,44.17437675099791
from_memory,2,2,8,2,41,1,44.316336657997454
from_memory,2,2,8,2,42,0,44.185039233998396
from_memory,2,2,8,2,42,1,44.24062176199368
from_memory,2,2,8,2,43,0,43.80783832499583
from_memory,2,2,8,2,43,1,44.264620390000346
from_memory,2,2,8,2,44,0,44.43581228399853
from_memory,2,2,8,2,44,1,44.45198081700073
from_memory,2,2,8,2,45,0,44.40079996200075
from_memory,2,2,8,2,45,1,44.40268818399636
from_memory,2,2,8,2,46,0,45.45303009299823
from_memory,2,2,8,2,46,1,45.473159936998854
from_memory,2,2,8,2,47,0,44.33642391199828
from_memory,2,2,8,2,47,1,44.39102515400009
from_memory,2,2,8,2,48,0,44.38658370899793
from_memory,2,2,8,2,48,1,44.79790005299583
from_memory,2,2,8,2,49,0,45.29821556999377
from_memory,2,2,8,2,49,1,45.36092082299729
from_memory,2,4,800,0,0,0,64.91182700700301
from_memory,2,4,800,0,0,1,64.98160656500113
from_memory,2,4,800,0,0,2,65.03801723699871
from_memory,2,4,800,0,0,3,66.18709637499705
from_memory,2,4,800,1,0,0,66.4384115770008
from_memory,2,4,800,1,0,1,66.5276547120011
from_memory,2,4,800,1,0,2,66.6143055720022
from_memory,2,4,800,1,0,3,67.62331625200022
from_memory,2,4,800,2,0,0,65.996658656004
from_memory,2,4,800,2,0,1,66.09357628500584
from_memory,2,4,800,2,0,2,66.21434885900089
from_memory,2,4,800,2,0,3,66.80956175600295
from_memory,2,4,400,0,0,0,64.50947257399821
from_memory,2,4,400,0,0,1,64.62428652700328
from_memory,2,4,400,0,0,2,65.90873287199793
from_memory,2,4,400,0,0,3,66.09803778499918
from_memory,2,4,400,1,0,0,64.5952199569947
from_memory,2,4,400,1,0,1,64.61553987599473
from_memory,2,4,400,1,0,2,64.6470590329991
from_memory,2,4,400,1,0,3,64.77056231100141
from_memory,2,4,400,2,0,0,64.54212860200641
from_memory,2,4,400,2,0,1,64.57275570900674
from_memory,2,4,400,2,0,2,65.76910830800625
from_memory,2,4,400,2,0,3,65.8469524730026
from_memory,2,4,200,0,0,0,63.87237045600341
from_memory,2,4,200,0,0,1,63.89972359999956
from_memory,2,4,200,0,0,2,63.972328841999115
from_memory,2,4,200,0,0,3,63.99919288200181
from_memory,2,4,200,1,0,0,63.81921503700141
from_memory,2,4,200,1,0,1,63.991622293004184
from_memory,2,4,200,1,0,2,65.12350406000041
from_memory,2,4,200,1,0,3,65.15423316200031
from_memory,2,4,200,2,0,0,63.65037836800184
from_memory,2,4,200,2,0,1,63.65813218100084
from_memory,2,4,200,2,0,2,63.78383663100249
from_memory,2,4,200,2,0,3,65.00605285400525
from_memory,2,4,100,0,0,0,48.25541921300464
from_memory,2,4,100,0,0,1,48.26517240200337
from_memory,2,4,100,0,0,2,48.34306621300493
from_memory,2,4,100,0,0,3,48.671931149001466
from_memory,2,4,100,0,1,0,48.288060341001255
from_memory,2,4,100,0,1,1,48.29547437700239
from_memory,2,4,100,0,1,2,48.31685029100481
from_memory,2,4,100,0,1,3,48.35948445300164
from_memory,2,4,100,1,0,0,48.5445185589997
from_memory,2,4,100,1,0,1,48.55005044700374
from_memory,2,4,100,1,0,2,48.65658591099782
from_memory,2,4,100,1,0,3,49.25729337499797
from_memory,2,4,100,1,1,0,48.5917320150038
from_memory,2,4,100,1,1,1,48.63802208300331
from_memory,2,4,100,1,1,2,48.94883256000321
from_memory,2,4,100,1,1,3,49.34559227700083
from_memory,2,4,100,2,0,0,48.427503821003484
from_memory,2,4,100,2,0,1,48.500244062001
from_memory,2,4,100,2,0,2,48.862913078999554
from_memory,2,4,100,2,0,3,49.14325334600289
from_memory,2,4,100,2,1,0,48.48432819900336
from_memory,2,4,100,2,1,1,48.53074801999901
from_memory,2,4,100,2,1,2,48.53476622400194
from_memory,2,4,100,2,1,3,48.55707916100073
from_memory,2,4,50,0,0,0,44.15884483700211
from_memory,2,4,50,0,0,1,44.580731273999845
from_memory,2,4,50,0,0,2,44.894782884999586
from_memory,2,4,50,0,0,3,45.010765332997835
from_memory,2,4,50,0,1,0,44.145599078001396
from_memory,2,4,50,0,1,1,44.35018711500015
from_memory,2,4,50,0,1,2,44.419736946998455
from_memory,2,4,50,0,1,3,45.07605062999937
from_memory,2,4,50,0,2,0,44.565930992001086
from_memory,2,4,50,0,2,1,44.88594366899633
from_memory,2,4,50,0,2,2,44.899271166999824
from_memory,2,4,50,0,2,3,44.92211540199787
from_memory,2,4,50,0,3,0,44.00982835800096
from_memory,2,4,50,0,3,1,44.857614984000975
from_memory,2,4,50,0,3,2,45.01756175800256
from_memory,2,4,50,0,3,3,45.03802359599649
from_memory,2,4,50,1,0,0,43.44814389300154
from_memory,2,4,50,1,0,1,43.45168283700332
from_memory,2,4,50,1,0,2,44.7805817480039
from_memory,2,4,50,1,0,3,44.93174635300238
from_memory,2,4,50,1,1,0,44.679361132999475
from_memory,2,4,50,1,1,1,45.133935375000874
from_memory,2,4,50,1,1,2,45.17628090499784
from_memory,2,4,50,1,1,3,45.2418590840025
from_memory,2,4,50,1,2,0,44.98323395100306
from_memory,2,4,50,1,2,1,44.994848014001036
from_memory,2,4,50,1,2,2,45.19108362300176
from_memory,2,4,50,1,2,3,45.20012685900292
from_memory,2,4,50,1,3,0,44.80945069000154
from_memory,2,4,50,1,3,1,44.86313318400062
from_memory,2,4,50,1,3,2,45.24241659600375
from_memory,2,4,50,1,3,3,45.24447108300228
from_memory,2,4,50,2,0,0,45.503530583999236
from_memory,2,4,50,2,0,1,45.63951144600287
from_memory,2,4,50,2,0,2,45.699783779004065
from_memory,2,4,50,2,0,3,45.781428212998435
from_memory,2,4,50,2,1,0,45.04566232600337
from_memory,2,4,50,2,1,1,45.34972712599847
from_memory,2,4,50,2,1,2,45.37167571300233
from_memory,2,4,50,2,1,3,45.662112554004125
from_memory,2,4,50,2,2,0,44.79722799600131
from_memory,2,4,50,2,2,1,45.50990629399894
from_memory,2,4,50,2,2,2,45.70322041500185
from_memory,2,4,50,2,2,3,45.70998634600255
from_memory,2,4,50,2,3,0,45.07084119399951
from_memory,2,4,50,2,3,1,45.68137836900132
from_memory,2,4,50,2,3,2,45.692200999001216
from_memory,2,4,50,2,3,3,45.79728143999819
from_memory,2,4,25,0,0,0,44.00797775799583
from_memory,2,4,25,0,0,1,45.34516283799894
from_memory,2,4,25,0,0,2,45.4346448139986
from_memory,2,4,25,0,0,3,46.07704626800114
from_memory,2,4,25,0,1,0,43.59877135399438
from_memory,2,4,25,0,1,1,44.992834355995
from_memory,2,4,25,0,1,2,45.39769782900112
from_memory,2,4,25,0,1,3,46.38621619100013
from_memory,2,4,25,0,2,0,45.31647401399823
from_memory,2,4,25,0,2,1,45.49340381799993
from_memory,2,4,25,0,2,2,45.80940470099449
from_memory,2,4,25,0,2,3,46.03496021699539
from_memory,2,4,25,0,3,0,45.41051640999649
from_memory,2,4,25,0,3,1,45.520950070000254
from_memory,2,4,25,0,3,2,46.34123733199522
from_memory,2,4,25,0,3,3,46.36099285099772
from_memory,2,4,25,0,4,0,45.726444556996285
from_memory,2,4,25,0,4,1,45.76435755199782
from_memory,2,4,25,0,4,2,45.771883064000576
from_memory,2,4,25,0,4,3,45.920940402997076
from_memory,2,4,25,0,5,0,43.438346303999424
from_memory,2,4,25,0,5,1,45.5347535539986
from_memory,2,4,25,0,5,2,45.899246891000075
from_memory,2,4,25,0,5,3,46.32995251700049
from_memory,2,4,25,0,6,0,43.728035076994274
from_memory,2,4,25,0,6,1,45.63310028900014
from_memory,2,4,25,0,6,2,46.20098960399628
from_memory,2,4,25,0,6,3,46.375098944001365
from_memory,2,4,25,0,7,0,45.42079916399962
from_memory,2,4,25,0,7,1,45.801371547997405
from_memory,2,4,25,0,7,2,45.8513840999949
from_memory,2,4,25,0,7,3,45.88076213900058
from_memory,2,4,25,1,0,0,42.92316709100123
from_memory,2,4,25,1,0,1,43.566674134002824
from_memory,2,4,25,1,0,2,43.696465785003966
from_memory,2,4,25,1,0,3,43.94971315500152
from_memory,2,4,25,1,1,0,43.38038197000424
from_memory,2,4,25,1,1,1,43.74350854500517
from_memory,2,4,25,1,1,2,43.81311326500145
from_memory,2,4,25,1,1,3,43.90801059700607
from_memory,2,4,25,1,2,0,45.72354176600493
from_memory,2,4,25,1,2,1,45.88262493500224
from_memory,2,4,25,1,2,2,46.06251070000144
from_memory,2,4,25,1,2,3,46.71514847900107
from_memory,2,4,25,1,3,0,44.36400478100404
from_memory,2,4,25,1,3,1,45.44675029700011
from_memory,2,4,25,1,3,2,45.89193967200117
from_memory,2,4,25,1,3,3,45.96649461999914
from_memory,2,4,25,1,4,0,42.666076065004745
from_memory,2,4,25,1,4,1,43.280825352005195
from_memory,2,4,25,1,4,2,43.6424390079992
from_memory,2,4,25,1,4,3,43.87249568900006
from_memory,2,4,25,1,5,0,42.27051823399961
from_memory,2,4,25,1,5,1,42.644179646005796
from_memory,2,4,25,1,5,2,43.86608597700251
from_memory,2,4,25,1,5,3,45.25725904400315
from_memory,2,4,25,1,6,0,43.900773781999305
from_memory,2,4,25,1,6,1,45.47396927000227
from_memory,2,4,25,1,6,2,45.72773123100342
from_memory,2,4,25,1,6,3,45.807668631001434
from_memory,2,4,25,1,7,0,43.96628447600233
from_memory,2,4,25,1,7,1,44.0197422390047
from_memory,2,4,25,1,7,2,45.43159583800298
from_memory,2,4,25,1,7,3,45.91900536700268
from_memory,2,4,25,2,0,0,46.85235295700113
from_memory,2,4,25,2,0,1,46.89338362100534
from_memory,2,4,25,2,0,2,47.03910369200457
from_memory,2,4,25,2,0,3,47.099321911002335
from_memory,2,4,25,2,1,0,45.54289142299967
from_memory,2,4,25,2,1,1,46.66075380700204
from_memory,2,4,25,2,1,2,46.86292586700438
from_memory,2,4,25,2,1,3,47.200056507004774
from_memory,2,4,25,2,2,0,46.265768140001455
from_memory,2,4,25,2,2,1,46.4809137830016
from_memory,2,4,25,2,2,2,46.53783633800049
from_memory,2,4,25,2,2,3,46.702923312004714
from_memory,2,4,25,2,3,0,46.45475178000197
from_memory,2,4,25,2,3,1,46.92636287800269
from_memory,2,4,25,2,3,2,47.18569349500467
from_memory,2,4,25,2,3,3,47.23555753900291
from_memory,2,4,25,2,4,0,45.18631219400413
from_memory,2,4,25,2,4,1,46.0905525210037
from_memory,2,4,25,2,4,2,46.5482489490023
from_memory,2,4,25,2,4,3,47.13762349099852
from_memory,2,4,25,2,5,0,45.40139790100511
from_memory,2,4,25,2,5,1,46.19736486200418
from_memory,2,4,25,2,5,2,46.87015633400006
from_memory,2,4,25,2,5,3,47.02481454900408
from_memory,2,4,25,2,6,0,46.500971325003775
from_memory,2,4,25,2,6,1,46.90577422299975
from_memory,2,4,25,2,6,2,47.01696449999872
from_memory,2,4,25,2,6,3,47.033237005001865
from_memory,2,4,25,2,7,0,46.90186671400443
from_memory,2,4,25,2,7,1,46.93598937000206
from_memory,2,4,25,2,7,2,47.03653244100133
from_memory,2,4,25,2,7,3,47.20332221300487
